X_mean,X_std,X_min,X_max,X_range,X_energy,Y_mean,Y_std,Y_min,Y_max,Y_range,Y_energy,Z_mean,Z_std,Z_min,Z_max,Z_range,Z_energy,A_mean,A_std,A_min,A_max,A_range,A_energy,DX_mean,DX_std,DX_min,DX_max,DX_range,DX_energy,DY_mean,DY_std,DY_min,DY_max,DY_range,DY_energy,DZ_mean,DZ_std,DZ_min,DZ_max,DZ_range,DZ_energy,DA_mean,DA_std,DA_min,DA_max,DA_range,DA_energy,FALL,FALL_RF,FALL_XGB
10.681000000000001,0.017916648383785146,10.67,10.71,0.040000000000000924,18253.4528,-0.6475000000000002,0.030653264777335428,-0.69,-0.61,0.07999999999999996,67.2304,0.34281249999999996,0.056123985332117564,0.23,0.46,0.23,19.3041,10.706288282689302,0.01771423617602258,10.691917508099284,10.73792344915906,0.046005941059776845,18339.9873,0.0,0.008972354465472916,-0.040000000000000924,0.040000000000000924,0.08000000000000185,0.012800000000000592,0.0002499999999999995,0.014534712299705816,-0.07999999999999996,0.07999999999999996,0.15999999999999992,0.03359999999999998,-0.0002499999999999999,0.028416267818444377,-0.12,0.12,0.24,0.1284,-2.4071918659607228e-05,0.009172136822898498,-0.04273761627144346,0.046005941059776845,0.0887435573312203,0.013376459642940184,0,0,0
10.68725,0.022708156626166418,10.67,10.75,0.08000000000000007,18274.852,-0.6495000000000001,0.03474615946380658,-0.73,-0.61,0.12,67.688,0.3409375,0.044591745224181994,0.23,0.42,0.18999999999999997,18.9143,10.712540937809006,0.023654340299571787,10.691917508099284,10.778821828010704,0.08690431991142056,18361.454300000005,0.0002499999999999947,0.010518028846585953,-0.040000000000000924,0.040000000000000924,0.08000000000000185,0.01760000000000067,-0.0002499999999999995,0.014534712299705823,-0.07999999999999996,0.040000000000000036,0.12,0.033599999999999984,0.0002499999999999999,0.021890235036132084,-0.11000000000000001,0.10999999999999999,0.22,0.07619999999999999,0.00027331149739510117,0.011008593014392347,-0.043882101816393515,0.046005941059776845,0.08988804287617036,0.019281021972825267,0,0,0
10.693750000000001,0.02386413324103617,10.67,10.75,0.08000000000000007,18297.0968,-0.6585000000000001,0.03895167139420997,-0.73,-0.61,0.12,69.6208,0.34343749999999995,0.028285313543677564,0.31,0.38,0.07,18.999100000000002,10.719613177436123,0.025032329040390135,10.691917508099284,10.778821828010704,0.08690431991142056,18385.716700000004,0.00025000000000000575,0.011434802883352907,-0.040000000000000924,0.040000000000000924,0.08000000000000185,0.020800000000000676,-0.0002499999999999995,0.019294148101001912,-0.12,0.07999999999999996,0.19999999999999996,0.059199999999999975,-0.00018750000000000017,0.013102012664054986,-0.07,0.07,0.14,0.027300000000000005,0.00025933929468431317,0.012158036478526417,-0.04463811428565734,0.04740742412993093,0.09204553841558827,0.023513799410258208,0,0,0
10.6883125,0.02616401761217258,10.64,10.75,0.10999999999999943,18278.5127,-0.6635000000000001,0.032625182232797825,-0.73,-0.61,0.12,70.60640000000001,0.3413125,0.02740614343743404,0.31,0.38,0.07,18.758500000000005,10.714406857619458,0.026929946803468184,10.665256677642597,10.778821828010704,0.11356515036810677,18367.877600000007,-0.0005000000000000004,0.0121209834169392,-0.040000000000000924,0.07000000000000028,0.11000000000000121,0.02340000000000067,0.0002499999999999995,0.01708101303463318,-0.12,0.07999999999999996,0.19999999999999996,0.046399999999999955,-0.00043750000000000006,0.013047897972832005,-0.07,0.07,0.14,0.027100000000000003,-0.0005284228693255399,0.012585179448370096,-0.04504129322214112,0.06983531078489058,0.1148766040070317,0.025228168854492836,0,0,0
10.685375000000002,0.02691443464858302,10.64,10.71,0.07000000000000028,18268.473400000003,-0.659,0.02835533736764038,-0.73,-0.61,0.12,69.61280000000001,0.33718750000000003,0.03366822728184371,0.27,0.38,0.10999999999999999,18.371500000000005,10.711073481578797,0.027754489139568902,10.6608911447402,10.741573441540119,0.08068229679991923,18356.457700000006,0.0,0.013175162452902886,-0.040000000000000924,0.07000000000000028,0.11000000000000121,0.027600000000000742,0.0002499999999999995,0.013076937306119321,-0.040000000000000036,0.07999999999999996,0.12,0.02719999999999995,0.00018750000000000017,0.015356226074308865,-0.07,0.10999999999999999,0.18,0.0375,-9.925822560119535e-06,0.01348012036326532,-0.04609981012119313,0.0742008436872883,0.12030065380848143,0.028892485319803655,0,0,0
10.692062500000002,0.022739898579839792,10.64,10.71,0.07000000000000028,18291.3143,-0.65625,0.02748927749793527,-0.69,-0.61,0.07999999999999996,69.0264,0.34950000000000003,0.042645238329750874,0.27,0.42,0.14999999999999997,19.8332,10.717999617715208,0.023972093978776258,10.6608911447402,10.73892918311691,0.07803803837671097,18380.173900000005,0.0,0.011271380800826352,-0.040000000000000924,0.07000000000000028,0.11000000000000121,0.020200000000000665,0.0,0.013458531698209049,-0.07999999999999996,0.07999999999999996,0.15999999999999992,0.028799999999999944,0.00018750000000000017,0.01976184860728771,-0.07999999999999996,0.10999999999999999,0.18999999999999995,0.06209999999999997,5.697899806245133e-06,0.011745188268055413,-0.04609981012119313,0.0742008436872883,0.12030065380848143,0.021933967339448607,0,0,0
10.6915625,0.03297696689982218,10.6,10.75,0.15000000000000036,18289.694299999996,-0.6505000000000001,0.023305464039320288,-0.69,-0.61,0.07999999999999996,67.7904,0.36106249999999995,0.03322492197510132,0.31,0.42,0.10999999999999999,21.034100000000002,10.717491285347377,0.03361713404157428,10.624335273324162,10.77409392942163,0.1497586560974682,18378.518800000005,0.0,0.01773317255329788,-0.11000000000000121,0.11000000000000121,0.22000000000000242,0.05000000000000092,-0.0002499999999999995,0.01143480288335271,-0.07999999999999996,0.040000000000000036,0.12,0.020799999999999985,0.0004999999999999998,0.017547778443492118,-0.07999999999999996,0.07999999999999996,0.15999999999999992,0.04899999999999996,3.329373633267352e-05,0.018015187502701178,-0.11075671510332619,0.11075671510332619,0.22151343020665237,0.051603147296100216,0,0,0
10.692125,0.03393273961250515,10.6,10.75,0.15000000000000036,18291.629,-0.6370625000000001,0.036213845557505925,-0.69,-0.54,0.1499999999999999,65.1443,0.3520625,0.02729058341985791,0.31,0.42,0.10999999999999999,19.9501,10.71696418624309,0.034748053226667026,10.624335273324162,10.77409392942163,0.1497586560974682,18376.723400000003,-0.000187499999999996,0.01884968261247925,-0.11000000000000121,0.11000000000000121,0.22000000000000242,0.056500000000001036,0.0,0.01783925429244989,-0.12,0.08000000000000007,0.20000000000000007,0.05059999999999999,0.0,0.014450087593040424,-0.10999999999999999,0.07,0.18,0.033199999999999986,-0.0001870572202813725,0.01939360498162478,-0.11075671510332619,0.11075671510332619,0.22151343020665237,0.05980739281973064,0,0,0
10.686625000000001,0.029243878034825227,10.64,10.75,0.10999999999999943,18272.7686,-0.6373125,0.04349108019587199,-0.69,-0.54,0.1499999999999999,65.2875,0.35875,0.02843396852424463,0.31,0.42,0.10999999999999999,20.720800000000004,10.711743121144412,0.030342806433734867,10.660680090876005,10.778821828010704,0.11814173713469955,18358.776900000004,0.0002499999999999947,0.010397750119481197,-0.07000000000000028,0.040000000000000924,0.11000000000000121,0.017200000000000226,0.0,0.02142707392191817,-0.12,0.08000000000000007,0.20000000000000007,0.07299999999999997,-0.0002499999999999999,0.015898657037545144,-0.10999999999999999,0.07999999999999996,0.18999999999999995,0.04019999999999997,0.00024001776106242768,0.011109732590464915,-0.07233150593009974,0.04696612496450747,0.11929763089460721,0.019633976522930502,0,0,0
10.681625,0.030154476497365933,10.64,10.75,0.10999999999999943,18255.6826,-0.65175,0.031193250358443444,-0.69,-0.57,0.12,68.11919999999999,0.35475,0.02769896576413123,0.31,0.42,0.10999999999999999,20.257600000000007,10.707447681433901,0.030680325464003195,10.660680090876005,10.778821828010704,0.11814173713469955,18344.0594,0.0004375000000000018,0.012999606912296046,-0.08000000000000007,0.07000000000000028,0.15000000000000036,0.0269000000000002,0.0,0.014878966624021371,-0.07999999999999996,0.08000000000000007,0.16000000000000003,0.03519999999999997,-0.00018750000000000017,0.014600416768411839,-0.07999999999999996,0.07999999999999996,0.15999999999999992,0.03389999999999997,0.00043079397551530895,0.013054102837197955,-0.08363599512308717,0.06757694305987805,0.15121293818296522,0.027124819892472618,0,0,0
10.690562500000002,0.029465828732501167,10.64,10.75,0.10999999999999943,18286.2383,-0.65075,0.026339582094362452,-0.69,-0.57,0.12,67.8664,0.35324999999999995,0.031514197658960755,0.31,0.42,0.10999999999999999,20.123600000000003,10.716250349091059,0.03018318255169761,10.660680090876005,10.778821828010704,0.11814173713469955,18374.228300000002,-0.0005000000000000004,0.016244979872846434,-0.08000000000000007,0.07000000000000028,0.15000000000000036,0.04200000000000048,0.0002499999999999995,0.012283342507015498,-0.08000000000000007,0.08000000000000007,0.16000000000000014,0.023999999999999997,0.0,0.017662097427389285,-0.10999999999999999,0.10999999999999999,0.21999999999999997,0.04959999999999999,-0.0005143104980795399,0.01675060814659104,-0.08363599512308717,0.07575320887489667,0.15938920399798384,0.044654999297771704,0,0,0
10.685062500000003,0.02799363977628741,10.64,10.75,0.10999999999999943,18267.4143,-0.6387500000000002,0.031458268253504285,-0.69,-0.57,0.12,65.4376,0.35362499999999997,0.03648877659788097,0.31,0.42,0.10999999999999999,20.2198,10.710081226140575,0.029387961788438857,10.660680090876005,10.776335184096679,0.11565509322067413,18353.0717,-0.00025000000000000575,0.013549350746821004,-0.08000000000000007,0.07000000000000028,0.15000000000000036,0.02920000000000039,0.0,0.014878966624021387,-0.08000000000000007,0.08000000000000007,0.16000000000000014,0.03520000000000002,0.0006875,0.020097932400932512,-0.10999999999999999,0.10999999999999999,0.21999999999999997,0.0643,-0.00022597411304596803,0.014219167101845244,-0.08215919901021707,0.07575320887489667,0.15791240788511374,0.032155539666124125,0,0,0
10.676687500000002,0.024920549854115497,10.64,10.75,0.10999999999999943,18238.763699999996,-0.6272500000000001,0.0655307311843821,-0.69,-0.11,0.58,63.6336,0.3519375,0.0388432890037511,0.31,0.5,0.19,20.0575,10.701155878078104,0.02468158123535443,10.661979178370215,10.762183793264265,0.10020461489405008,18322.4548,0.0005000000000000004,0.013726895969445433,-0.07000000000000028,0.10999999999999943,0.17999999999999972,0.030000000000000353,0.0033750000000000004,0.04185761278940395,-0.08000000000000007,0.5,0.5800000000000001,0.2804,0.00075,0.02045242985056918,-0.10999999999999999,0.12,0.22999999999999998,0.06659999999999999,0.0004103227809142962,0.01301692659439264,-0.06522904619300895,0.09793979755598947,0.16316884374899843,0.02696795846177113,0,0,0
10.846625,0.45010255644769964,10.29,12.17,1.8800000000000008,18856.095999999998,-0.891625,1.4095125556922463,-4.09,0.77,4.859999999999999,443.0886,0.1781875,0.8274761748646021,-1.8,1.3,3.1,113.95009999999999,10.99992923824272,0.579436836679432,10.427545252838753,12.861955527834793,2.43441027499604,19413.134700000002,0.008625000000000004,0.18282027982962157,-0.6100000000000012,1.8800000000000008,2.490000000000002,5.326200000000003,-0.004312499999999992,0.35161732678702773,-3.1,2.75,5.85,19.6609,-0.0011874999999999972,0.19669077309351815,-1.3399999999999999,1.03,2.37,6.1515,0.008927692621920825,0.20330870578197416,-0.7354968526897689,1.763009631939994,2.498506484629763,6.584926936920115,0,0,0
11.558937500000003,0.7904234967694742,10.29,13.08,2.790000000000001,21476.7841,-1.3466874999999998,1.52991170949061,-4.09,0.77,4.859999999999999,662.3308999999999,0.09837500000000002,1.0292696852164938,-1.8,2.14,3.9400000000000004,169.9924,11.782118126698213,0.7857944414288568,10.427545252838753,13.260482645816479,2.832937392977726,22309.1074,0.0145625,0.22246149232178952,-0.7300000000000004,1.8800000000000008,2.610000000000001,7.9027000000000065,-0.01293749999999999,0.5221069998952538,-3.1,2.75,5.85,43.3695,-0.002874999999999998,0.3501776503325883,-2.11,1.9100000000000001,4.02,19.4986,0.015614367828451336,0.23141332483275875,-0.7354968526897689,1.763009631939994,2.498506484629763,8.553797535943307,0,0,0
11.839875000000001,0.7202619959204393,10.71,13.08,2.369999999999999,22511.708,-2.1191250000000004,0.9622146804091937,-4.06,0.04,4.1,865.7218,0.444875,0.7535242042662559,-1.19,2.14,3.33,121.9462,12.102462861294136,0.6356239472048535,11.144263098114653,13.260482645816479,2.116219547701826,23499.376,-0.008374999999999999,0.17679497239500594,-1.2300000000000004,0.8399999999999999,2.0700000000000003,4.981000000000005,-0.016999999999999998,0.41572668815615177,-2.34,2.18,4.52,27.526000000000003,0.009312499999999998,0.30381871844777103,-2.11,1.9100000000000001,4.02,14.6905,-0.003401955829169234,0.15897066319146763,-1.14804977360477,0.7450748550018726,1.8931246286066425,4.02004753768425,0,0,0
10.69325,1.1997439716390657,7.96,13.08,5.12,18524.1576,-3.2100625000000007,0.8128546613458633,-4.9,-2.07,2.8300000000000005,1753.7767,1.2023750000000002,0.6312575922701782,0.04,2.22,2.18,294.6722,11.292666735135734,1.0300973314988626,8.611858103800829,13.260482645816479,4.64862454201565,20572.6065,-0.032,0.19063548146253617,-1.2300000000000004,0.7300000000000004,1.9600000000000009,5.942200000000005,-0.003562499999999999,0.25520825600050145,-1.4600000000000004,1.3800000000000003,2.8400000000000007,10.3579,0.011,0.10578963342823591,-0.42000000000000015,0.58,1.0,1.7988000000000002,-0.029053903387597814,0.18361972714355101,-1.14804977360477,0.7966542236949721,1.944703997299742,5.495937155536199,0,0,0
6.606375,3.83355976703395,-0.15,10.75,10.9,9319.763200000001,-3.224312500000001,0.7189865525417345,-4.9,-2.3,2.6000000000000005,1745.5843,1.749625,0.33141565514922117,1.26,2.49,1.2300000000000002,507.254,7.879459857022724,3.210497206590747,2.893112510774512,11.894406248316896,9.001293737542383,11572.6015,-0.0116875,0.534757009268943,-2.45,3.5999999999999996,6.05,45.490300000000005,0.005499999999999996,0.22066736969999545,-1.4600000000000004,1.3800000000000003,2.8400000000000007,7.7472,0.004812500000000002,0.1062036247293865,-0.5799999999999998,0.6500000000000001,1.23,1.7971000000000001,-0.011644937732871282,0.43811657662119513,-2.1579755514142427,3.0244371814924653,5.182412732906708,30.541132150902193,0,0,0
9.3155625,6.441423896932146,-0.15,17.56,17.709999999999997,20481.971500000003,-3.0963125000000002,0.6230202575777141,-4.29,-2.3,1.9900000000000002,1595.6607,2.00625,0.3814400881927636,1.26,2.49,1.2300000000000002,667.1402,10.451993419560726,5.754793336613302,2.893112510774512,18.23114368326902,15.33803117249451,22744.772399999998,0.03131250000000001,0.6603897475814512,-2.45,3.5999999999999996,6.05,69.4991,-0.0076875,0.13354490387956128,-0.6800000000000002,0.6099999999999999,1.29,2.8451,0.002874999999999998,0.11206684606707457,-0.6200000000000001,0.6500000000000001,1.2700000000000002,1.9981999999999998,0.03213756526814173,0.5696311377933618,-2.1579755514142427,3.0244371814924653,5.182412732906708,51.75751336607627,0,0,0
10.3140625,5.611310489081332,1.72,17.56,15.839999999999998,22027.1837,-3.7746249999999995,0.6200151017637353,-4.71,-2.37,2.34,2340.7696,2.1780625000000002,0.19997640387535306,1.84,2.49,0.6500000000000001,765.3915,11.611718037172732,4.731950464149772,5.080875908738571,18.23114368326902,13.15026777453045,25133.3448,-0.006937499999999997,0.6459812845342764,-2.6699999999999995,3.0999999999999996,5.77,66.3571,-0.005687499999999998,0.1409207006366508,-0.8799999999999999,0.6099999999999999,1.4899999999999998,3.1626999999999996,-0.0011875000000000024,0.08377396869068977,-0.6200000000000001,0.4299999999999997,1.0499999999999998,1.1160999999999999,-0.004226398857011826,0.5483805794481486,-2.4734856389900344,2.728570153360746,5.20205579235078,47.81753831819374,0,0,0
9.258937499999998,4.80689606787893,1.72,16.41,14.69,17390.3615,-3.7729375,0.5351607022206112,-4.71,-2.79,1.92,2323.1463,2.3835,0.33470197012421576,1.84,2.98,1.14,926.7836000000002,10.646219192897673,3.9696760188798907,5.080875908738571,16.847320261691472,11.7664443529529,20640.291399999995,-0.041125,0.7100677507758136,-2.83,3.4800000000000004,6.3100000000000005,80.43780000000001,-0.00024999999999999746,0.13486051494253606,-0.8799999999999999,0.73,1.6099999999999999,2.8917999999999995,0.003562500000000002,0.08792754932794175,-0.5,0.5300000000000002,1.0300000000000002,1.2313000000000005,-0.03557202484098909,0.5956302373030032,-2.5403808839501174,3.274934286954533,5.81531517090465,56.61174438695763,0,0,0
10.0411875,4.803841671765414,2.3,16.57,14.27,19801.297700000003,-3.6791250000000004,0.4678270221369325,-4.36,-2.79,1.5700000000000003,2200.5528,2.4496249999999997,0.37019268737532296,1.72,3.33,1.61,981.8958000000001,11.255910390289575,4.130316894144934,5.054552403526943,17.303696136952937,12.249143733425994,22983.7463,0.05525,0.7494794419877472,-2.83,3.75,6.58,89.8018,0.0023749999999999995,0.1296850927070657,-0.54,0.73,1.27,2.675,0.006437500000000001,0.11546104940982302,-0.5,0.69,1.19,2.1263000000000005,0.05163102655535181,0.6637776732110168,-2.5403808839501174,3.644122031114854,6.1845029150649715,70.48204917760127,0,0,0
9.050812500000001,5.463359135768366,0.04,17.91,17.87,17852.631700000005,-3.648375,0.38649837071588994,-4.36,-2.98,1.3800000000000003,2153.4539999999997,2.4070625,0.44501091340585636,1.53,3.33,1.8,958.5195000000002,10.43776345760325,4.713889713342576,4.301499738463319,18.4923038045561,14.190804066092783,20964.605199999998,-0.03968750000000001,0.7659075447717977,-3.3600000000000003,3.75,7.11,93.5237,0.0,0.1139237304173334,-0.54,0.45999999999999996,1.0,2.0636,-0.008125,0.13910851607749622,-0.8800000000000001,0.69,1.57,3.0873999999999997,-0.02350528021051207,0.6512584485610091,-2.732219398660763,3.644122031114854,6.376341429775617,67.52627283635647,0,0,0
11.1693125,6.223436645079186,0.04,18.79,18.75,26118.821700000004,-3.3972500000000005,0.6130939681944999,-4.9,-2.1,2.8000000000000003,1906.3748,2.6138749999999997,0.6965765228610977,1.38,3.79,2.41,1170.3246000000001,12.36848479516669,5.447759056607419,3.9939579366838602,19.184280022977145,15.190322086293286,29195.521099999998,-0.011750000000000005,0.8634788129290483,-3.3600000000000003,4.750000000000001,8.110000000000001,118.57180000000001,0.002875,0.20850286184181338,-1.0799999999999996,1.0,2.0799999999999996,6.9136,-0.004062499999999999,0.15621424119120328,-0.8800000000000001,1.0300000000000002,1.9100000000000004,3.8827000000000003,-0.012635299030755475,0.7607330919138199,-2.732219398660763,4.792999364384887,7.5252187630456495,92.04120322916425,0,0,0
10.301,5.166784847502108,0.04,18.79,18.75,21222.307,-3.55725,0.6493808856065869,-4.9,-2.1,2.8000000000000003,2091.6939999999995,2.747,0.6386894994671192,1.38,3.79,2.41,1272.2214,11.528634289712315,4.57001233518222,3.9939579366838602,19.184280022977145,15.190322086293286,24586.2224,0.0535625,0.7394399945250077,-2.5199999999999996,4.750000000000001,7.2700000000000005,87.3957,0.0004999999999999976,0.2081811016139134,-1.0799999999999996,1.0,2.0799999999999996,6.891,0.0098125,0.12995147558334705,-0.54,1.0300000000000002,1.5700000000000003,2.700500000000001,0.035385735083602474,0.6755996751810062,-2.3925991183861974,4.792999364384887,7.185598482771084,72.77349649522901,0,0,0
9.6856875,1.6054038547822447,7.5,14.69,7.1899999999999995,15419.800900000002,-3.8076875,0.2694607283436619,-4.21,-3.25,0.96,2331.3022999999994,3.214,0.45226641005095347,2.53,3.94,1.4100000000000001,1685.29,10.925272026803892,1.4591765198432178,8.703953124873777,15.28204829203206,6.578095167158283,19436.3932,-0.034437499999999996,0.3279376127103885,-2.5199999999999996,0.9199999999999999,3.4399999999999995,17.289099999999998,-0.003812499999999999,0.09003753148255281,-0.6099999999999999,0.6099999999999999,1.2199999999999998,1.2913,0.006437499999999999,0.08526205903385049,-0.31000000000000005,0.4900000000000002,0.8000000000000003,1.1625000000000005,-0.029093178171870338,0.2906226240864539,-2.3925991183861974,0.8371807889697251,3.2297799073559226,13.564806113895001,0,0,0
8.525562500000001,1.6397924193199327,6.2,10.75,4.55,12057.172700000001,-3.6805624999999993,0.34297853110470644,-4.21,-2.95,1.2599999999999998,2186.1503,3.70075,0.20703218842495258,3.1,4.09,0.9899999999999998,2198.1032,10.031689209761652,1.46201389448754,7.93903016747008,12.010054121443417,4.071023953973337,16441.426199999998,-0.008624999999999994,0.18339045708113483,-1.2200000000000006,0.9199999999999999,2.1400000000000006,5.359400000000002,0.004999999999999999,0.06187835500084069,-0.20000000000000018,0.41999999999999993,0.6200000000000001,0.6128,0.0061874999999999986,0.06288525914401628,-0.31000000000000005,0.41999999999999993,0.73,0.6348999999999999,-0.0067679266225150305,0.1611248979574634,-0.9607827999152221,0.8371807889697251,1.7979635888849472,4.135164778869511,0,0,0
6.869250000000001,1.0603604169509895,3.83,9.18,5.35,7728.629199999999,-3.2441249999999995,0.3320952873411691,-3.86,-2.79,1.0699999999999998,1701.4312,3.9690624999999997,0.22672066562209503,3.63,4.32,0.6900000000000004,2528.7261,8.596943327142123,0.9166419737727661,6.045519001706967,10.627139784532806,4.58162078282584,11958.7865,-0.033437499999999995,0.1855301663074304,-1.2599999999999998,0.6099999999999994,1.8699999999999992,5.651899999999999,0.005687499999999998,0.059575245745698634,-0.31000000000000005,0.41999999999999993,0.73,0.5694999999999999,-0.0005000000000000004,0.03991815526169583,-0.3500000000000001,0.18999999999999995,0.54,0.2534000000000003,-0.0286351298926615,0.16026608242900736,-1.0573677353880298,0.4822253400435894,1.5395930754316192,4.21514483740062,0,0,0
6.2981875,3.115142742194213,1.99,15.3,13.31,7889.700699999999,-2.8465624999999997,0.807048389495587,-4.63,-0.99,3.6399999999999997,1400.0279,3.53525,0.6974950237643996,2.41,4.32,1.9100000000000001,2077.0321999999996,7.921840578155326,2.8877005462080523,3.8983458030297933,16.38556987107864,12.487224068048848,11366.7608,0.05043750000000001,0.48334701374046346,-1.2599999999999998,3.0600000000000005,4.32,37.55330000000001,-0.009312499999999998,0.18990935234189557,-1.53,0.8400000000000001,2.37,5.7483,-0.0030624999999999984,0.08325906281529058,-0.44999999999999973,0.5299999999999998,0.9799999999999995,1.1037,0.04690762986775831,0.47552729664677434,-1.0573677353880298,3.2136182606744654,4.270985996062495,36.30611948550381,0,0,0
11.402249999999999,6.305920343902848,1.99,18.17,16.180000000000003,27124.385200000004,-4.108625,1.7848941576709956,-7.04,-0.99,6.05,3207.4776,3.321812500000001,0.5202960839148292,2.41,3.94,1.5299999999999998,1808.5527,12.784003464415862,6.1385965082519345,3.8983458030297933,19.858987889618145,15.960642086588352,32140.415499999996,0.06500000000000002,0.5090155747576995,-1.5699999999999985,3.0600000000000005,4.629999999999999,41.8724,-0.0121875,0.25557352417232404,-1.6099999999999994,0.8400000000000001,2.4499999999999993,10.4093,0.0019375000000000004,0.08775678851700089,-0.44999999999999973,0.5299999999999998,0.9799999999999995,1.2250999999999994,0.05944801189587616,0.518859880542953,-1.6528789086151399,3.2136182606744654,4.866497169289605,43.37072710523029,0,0,0
12.372624999999996,5.285681797057823,2.1,18.17,16.07,28935.306600000004,-4.192749999999999,1.6497001633420592,-7.04,-1.87,5.17,3245.3846,3.6844375,0.26924246600999735,3.29,4.17,0.8799999999999999,2183.5389,13.70959095628794,5.195407157610592,4.327932531821632,19.858987889618145,15.531055357796514,34364.23009999999,-0.0825,0.3850394082583623,-1.9100000000000001,1.3299999999999983,3.2399999999999984,24.661599999999993,0.017249999999999998,0.1973884526963564,-1.6099999999999994,0.7599999999999998,2.369999999999999,6.2425999999999995,-0.0019375000000000004,0.06479281809529164,-0.41999999999999993,0.31000000000000005,0.73,0.6680999999999998,-0.07536023337035631,0.38468547212319715,-1.9674178262000677,1.7333662341981437,3.7007840603982114,24.43794944534235,0,0,0
6.107374999999999,4.940478866549033,-1.38,14.23,15.61,9848.9294,-2.2424375,0.9107842683591794,-4.9,-1.07,3.83,936.4591,3.1725624999999997,0.5731598906240086,2.3,4.17,1.87,1662.6579000000002,7.876396598690841,3.982687897410807,3.1144823004794873,15.557200905047154,12.442718604567666,12448.0464,-0.0009375000000000133,0.6380579781576009,-1.9100000000000001,3.750000000000001,5.660000000000001,64.7319,0.0239375,0.11578062576220081,-0.3500000000000001,0.8,1.1500000000000001,2.2231000000000005,-0.00575,0.0690232847412958,-0.41999999999999993,0.2999999999999998,0.7199999999999998,0.7628000000000001,-0.006982916841691944,0.5380294509416452,-1.9674178262000677,3.542719714273794,5.5101375404738615,46.03443650322929,0,0,0
9.759125000000001,6.685446635329348,-1.38,16.53,17.91,22345.0196,-3.3537499999999993,1.9439840275503977,-6.24,-1.07,5.17,2400.495,3.1184374999999998,0.49850915710444205,2.3,3.9,1.6,1595.4577000000002,11.466249191514692,5.77622159831093,3.1144823004794873,17.756897251490756,14.642414951011268,26340.972299999998,0.0679375,0.572695378075625,-1.79,3.750000000000001,5.540000000000001,52.88730000000001,-0.019187500000000003,0.22832441852403706,-1.6500000000000001,0.9899999999999993,2.6399999999999997,8.3479,0.0002500000000000002,0.08843111948336829,-0.45999999999999996,0.48999999999999977,0.9499999999999997,1.2433999999999998,0.06215554870085481,0.4837080701494373,-1.1570661688393038,3.542719714273794,4.699785883113098,37.81991600079207,0,0,0
11.360687500000001,4.734518381445497,0.69,16.53,15.840000000000002,24214.5259,-4.013624999999999,1.574914388209302,-6.24,-1.07,5.17,2971.8462,3.4388125,0.26589441294709054,2.72,3.9,1.1799999999999997,1903.3103,12.710196701710016,4.515400877621495,3.41716256563834,17.756897251490756,14.339734685852417,29089.682399999998,-0.0836875,0.3956630004254385,-2.2600000000000002,1.2599999999999998,3.52,26.011900000000004,-0.0055,0.24405587565197354,-1.6500000000000001,0.9899999999999993,2.6399999999999997,9.475399999999999,-0.0018749999999999988,0.0953456967397714,-0.5299999999999998,0.48999999999999977,1.0199999999999996,1.4459999999999995,-0.06889232277961316,0.36576913082058377,-2.026859006426946,1.4996674157621452,3.5265264221890913,22.03152641481329,0,0,0
7.835500000000001,5.417215256206409,-0.42,18.17,18.590000000000003,14489.2588,-2.6935,1.0552636559873545,-5.55,-1.65,3.9,1337.8501999999999,3.1687500000000006,0.4967805154221983,2.1,4.21,2.11,1645.796,9.295477554915058,4.789900620134264,2.703497734417397,19.459586326538396,16.756088592121,17472.905,0.032500000000000015,0.671386437476714,-2.2600000000000002,3.7799999999999994,6.039999999999999,71.8398,-0.0038124999999999964,0.2379495001521155,-1.38,1.0,2.38,9.0049,0.0055,0.1109410858442529,-0.5299999999999998,0.73,1.2599999999999998,1.9617999999999995,0.03241728751612496,0.5999330785540554,-2.026859006426946,3.577574408298365,5.604433414725311,57.39537298497662,0,0,0
11.694937500000002,6.212267332051503,-0.42,18.17,18.590000000000003,28019.6203,-3.9082500000000002,1.8116393597543976,-6.89,-1.65,5.24,2965.7508,3.4057500000000003,0.6100619104576155,2.1,4.21,2.11,1915.0372,13.132410519723873,5.777191833033481,2.703497734417397,19.459586326538396,16.756088592121,32900.4083,0.05306250000000001,0.6245300088212237,-1.7200000000000006,3.7799999999999994,5.5,62.466499999999996,-0.003125,0.272521853027163,-1.38,1.2999999999999998,2.6799999999999997,11.810199999999998,0.0055,0.10941123164494082,-0.5299999999999998,0.73,1.2599999999999998,1.9081999999999995,0.04214559438261872,0.5893967836669134,-1.9731238324362668,3.577574408298365,5.550698240734632,55.518982587046,0,0,0
5.769937500000002,15.37035652626499,-28.2,39.14,67.34,42890.1583,-1.5343750000000003,5.615408013144552,-7.46,9.03,16.49,5390.4054,1.9661875000000002,2.6008967664595755,-3.67,4.21,7.88,1694.1245,16.2436649790716,6.984990146276538,5.248161582878332,39.1845045904628,33.93634300758447,49974.688200000004,0.1310625,3.2941113072033996,-11.399999999999999,22.57,33.97,1728.0842999999998,0.041374999999999995,1.2198125887087434,-9.76,8.53,18.29,236.85679999999996,-0.016749999999999998,0.39185344134874617,-2.98,2.0999999999999996,5.08,24.4592,0.12328073914952756,2.7157292712064227,-19.25300476448895,19.96739502632699,39.22039979081594,1175.0861929467326,0,0,0
7.259937500000001,18.774084389129516,-28.2,39.14,67.34,64475.203700000005,-2.2639375000000004,7.075703142771229,-18.82,9.03,27.85,8780.4925,1.69225,3.11836010563688,-3.67,10.79,14.459999999999999,2004.3365999999994,18.230586138514433,11.785117319533793,5.248161582878332,39.1845045904628,33.93634300758447,75260.03280000002,-0.030125000000000002,3.5783821556956745,-11.399999999999999,22.57,33.97,2036.1113999999998,-0.006437499999999996,2.1065866596368004,-19.89,8.53,28.42,705.6021,0.0033125000000000016,1.1919524292325832,-10.1,9.26,19.36,225.90109999999999,-0.020121871998390505,2.9732261140847718,-19.25300476448895,19.96739502632699,39.22039979081594,1405.636472907866,0,0,0
14.4914375,10.339690690778667,2.37,39.14,36.77,50598.845100000006,-4.969437500000001,4.150812187990266,-18.82,1.07,19.89,6690.6989,2.853,2.07357643825421,0.69,10.79,10.1,1985.9927999999995,16.12107250053444,10.548868081160327,6.089384205319944,39.1845045904628,33.095120385142856,59275.53680000001,-0.17168750000000002,1.47758736798588,-9.259999999999998,3.979999999999997,13.239999999999995,351.85529999999994,-0.017687499999999995,1.7591665486117856,-19.89,7.720000000000001,27.61,492.1021,0.006000000000000003,1.1484729812578265,-10.1,9.26,19.36,209.72519999999997,-0.16951701230817293,1.3085985353488512,-9.601450484332625,4.18389263689008,13.785343121222706,276.87415294193113,0,0,0
10.637375,1.9386040129092696,4.36,13.01,8.649999999999999,18702.150999999998,-3.5424375000000006,1.2230906037575464,-5.85,-1.76,4.09,2245.6743,2.8283125,0.6611237068942621,0.96,4.13,3.17,1349.3927,11.690070112285465,1.648288083097299,6.940958147114849,13.564073871812996,6.623115724698146,22297.217999999997,0.0430625,0.4807567369203887,-1.7899999999999991,3.7799999999999994,5.5699999999999985,37.04589999999999,-0.005750000000000003,0.36574994035259006,-2.5199999999999996,3.3599999999999994,5.879999999999999,21.275199999999995,-0.004062499999999999,0.22895798102593348,-1.4900000000000002,1.79,3.2800000000000002,8.337700000000002,0.03518847229046707,0.4770149371870826,-2.512797927380154,4.18389263689008,6.696690564270234,36.377493370777664,0,0,0
10.1938125,0.6452729634248162,8.88,11.67,2.789999999999999,16692.4141,-3.761875,0.8807323906983082,-5.43,-1.76,3.67,2387.6072000000004,3.4198749999999998,0.36672267296681355,2.49,3.9,1.4099999999999997,1892.6704,11.428165133510372,0.6923588746368533,10.369826420919495,12.625402963866144,2.255576542946649,20972.6917,-0.009312500000000001,0.20530425917763606,-1.3099999999999987,0.6900000000000013,2.0,6.7156999999999965,-0.003562500000000002,0.15990699684976073,-0.8399999999999999,0.69,1.5299999999999998,4.0676999999999985,0.008124999999999999,0.07718463936211084,-0.33999999999999986,0.5700000000000003,0.9100000000000001,0.9578000000000002,-0.005950525971250542,0.17336639088012049,-1.1294955777227287,0.6835612794505046,1.8130568571732333,4.7845543738945375,0,0,0
9.6890625,0.5324038246924696,8.88,11.25,2.369999999999999,15065.5383,-3.4268124999999996,0.47410872605289245,-4.4,-2.33,2.0700000000000003,1914.6269000000002,3.7926874999999995,0.21263463178706368,3.44,4.17,0.73,2308.7055,10.97015887007716,0.4608509932775944,10.369826420919495,12.57111371358958,2.201287292670086,19288.8707,-0.013875000000000004,0.12835185278447467,-0.6099999999999994,0.6799999999999997,1.2899999999999991,2.6501999999999954,0.007875000000000002,0.13393600039294104,-0.5,0.69,1.19,2.8621999999999996,0.0043124999999999995,0.056464179940491493,-0.33999999999999986,0.27,0.6099999999999999,0.5098999999999995,-0.013380612449668771,0.1124421313829811,-0.6182855963614244,0.48201762749122423,1.1003032238526487,2.038920559006189,0,0,0
9.5364375,0.32873178620898663,9.03,10.18,1.1500000000000004,14568.164699999998,-3.456375,0.3420902957411265,-3.98,-2.33,1.65,1930.0516000000002,4.0958749999999995,0.17987552474563004,3.79,4.36,0.5700000000000003,2689.3352000000004,10.947787388218536,0.26187169043682595,10.430215721642577,11.299743359917516,0.8695276382749384,19187.5515,-0.00625,0.09648377841303328,-0.6099999999999994,0.7599999999999998,1.3699999999999992,1.4863999999999975,-0.006750000000000001,0.10657946514191696,-0.5,0.69,1.19,1.8133999999999992,0.003562500000000002,0.038055683713383394,-0.2599999999999998,0.22999999999999954,0.4899999999999993,0.23229999999999995,-0.0024380349975690273,0.09368732459687293,-0.6015419591149698,0.7143031105008717,1.3158450696158415,1.3965440939729525,0,0,0
9.2511875,0.3524387129468723,8.68,9.79,1.1099999999999994,13713.265099999999,-3.4445,0.18717630339724936,-3.79,-3.14,0.6499999999999999,1903.9034000000001,4.2455625,0.09727576617809099,4.06,4.4,0.34000000000000075,2885.4727000000003,10.74824024007645,0.34289076919451034,10.220782748889638,11.299743359917516,1.0789606110278775,18502.6412,-0.0021874999999999976,0.08524970259451238,-0.3100000000000005,0.7599999999999998,1.0700000000000003,1.1562999999999994,-0.0002500000000000002,0.04919413474268823,-0.3799999999999999,0.2599999999999998,0.6399999999999997,0.3847999999999997,0.0011875000000000024,0.04192493854137558,-0.1900000000000004,0.2600000000000007,0.45000000000000107,0.2797000000000012,-0.0013089560797058697,0.08380609198144127,-0.3759396072095669,0.7143031105008717,1.0902427177104386,1.1170044460220585,0,0,0
8.820875,0.22702724049005293,8.34,9.3,0.9600000000000009,12457.4488,-3.4315624999999996,0.1971735718924577,-3.86,-3.18,0.6799999999999997,1890.2809000000002,4.4144375,0.1970529631419401,4.06,4.74,0.6800000000000006,3124.1353000000004,10.448235248629222,0.18370454622491988,10.140320507755167,10.816006656802687,0.6756861490475199,17471.865,-0.003312499999999996,0.06336201146472034,-0.3100000000000005,0.3800000000000008,0.6900000000000013,0.6401000000000004,-0.00018749999999999878,0.08113558707845786,-0.6799999999999997,0.33999999999999986,1.0199999999999996,1.0466999999999993,0.0021874999999999976,0.056753598229096404,-0.22999999999999954,0.41999999999999993,0.6499999999999995,0.5129000000000007,-0.0017935137265744027,0.07466582226058563,-0.3819997118707583,0.3147691618746453,0.6967688737454036,0.8869372878400361,0,0,0
8.492375,0.3238632514818214,7.73,8.95,1.2199999999999989,11555.9464,-3.4155625,0.26119644135179704,-3.86,-2.83,1.0299999999999998,1877.4183000000003,4.7801875,0.2748869907878553,4.32,5.28,0.96,3668.0453,10.335678694187623,0.24066664335484964,9.798540707676834,10.736950218753927,0.9384095110770936,17101.410000000003,-0.0030625000000000014,0.08877926039042978,-0.7300000000000004,0.5000000000000009,1.2300000000000013,1.2547000000000028,-0.000437499999999999,0.1161236971953375,-0.6799999999999997,0.77,1.4499999999999997,2.1440999999999995,0.004562499999999997,0.08445792279751178,-0.3100000000000005,0.7300000000000004,1.040000000000001,1.1375000000000008,-0.00028120533287446793,0.08024568712730357,-0.3819997118707583,0.33676392514008135,0.7187636370108397,1.0238725303330376,0,0,0
7.958562500000001,0.4140653594003564,7.5,8.8,1.3000000000000007,10161.455300000001,-3.2165625000000007,0.20599214393947132,-3.67,-2.83,0.8399999999999999,1662.1507000000001,5.1306875000000005,0.3569086733334294,4.21,5.74,1.5300000000000002,4232.0867,10.01319674093303,0.2906862881291525,9.475663565154685,10.615446293020375,1.1397827278656898,16055.6927,-0.007187500000000002,0.09744001137936122,-0.7300000000000004,0.5000000000000009,1.2300000000000013,1.5179000000000018,0.0021249999999999993,0.09659868027797537,-0.3900000000000001,0.77,1.1600000000000001,1.4844,0.004499999999999999,0.16155611210502283,-0.9199999999999999,1.5300000000000002,2.45,4.153200000000002,-0.004176120987744436,0.08019924691453673,-0.36702282204671377,0.5254213759904509,0.8924441980371647,1.0254655515404392,0,0,0
7.114250000000001,0.5510693435345936,6.24,7.96,1.7199999999999998,8146.2932,-3.1118750000000004,0.28549237507578923,-3.56,-2.41,1.15,1562.362,5.272875,0.3286514995798751,4.21,5.74,1.5300000000000002,4465.687599999999,9.399832837905667,0.48399295117305263,8.469964580799614,10.001084941145136,1.531120360345522,14174.342799999999,-0.01125,0.14193518761842255,-1.2599999999999998,0.8799999999999999,2.1399999999999997,3.223399999999999,0.0052499999999999995,0.0639275336592023,-0.3500000000000001,0.31000000000000005,0.6600000000000001,0.6541999999999999,-0.0005000000000000004,0.14698564512976667,-0.9199999999999999,1.5300000000000002,2.45,3.435200000000001,-0.010661408217688184,0.11263920118701404,-0.7928605311737442,0.7554699735861394,1.5483305047598837,2.035513253433208,0,0,0
6.4496875000000005,0.28660542392836397,5.47,7.12,1.6500000000000004,6668.815699999999,-2.7898125000000005,0.4285157532532072,-3.56,-2.26,1.3000000000000003,1274.4851,5.0460625,0.31558889123421374,4.51,5.59,1.08,4089.8753,8.658409518267941,0.49071401087603783,7.441007996232768,9.727080754265382,2.2860727580326135,12033.176099999999,-0.0126875,0.13923746457358538,-1.2599999999999998,0.8799999999999999,2.1399999999999997,3.1082999999999994,0.005250000000000002,0.066256125858946,-0.45999999999999996,0.31000000000000005,0.77,0.7024000000000001,-0.00575,0.06012094728035145,-0.33999999999999986,0.45999999999999996,0.7999999999999998,0.58,-0.014521645722626365,0.11704320120990513,-0.7928605311737442,0.7554699735861394,1.5483305047598837,2.2118991520834785,0,0,0
4.1891875,2.7448989789925267,-1.45,6.58,8.03,4005.8675000000003,-1.4494375000000002,1.4719799043589152,-2.87,1.68,4.55,680.6483,3.8243750000000007,1.6370765811972274,-0.84,5.2,6.04,2766.2582,6.364291525024715,2.4726185309293935,1.214454610102823,8.8641581664589,7.6497035563560765,7452.773999999999,-0.03731249999999999,0.2993866305628032,-2.5999999999999996,1.64,4.239999999999999,14.474299999999998,0.010249999999999999,0.2439944065757482,-2.45,1.22,3.67,9.482600000000001,-0.0365625,0.2129636543679721,-1.87,0.45999999999999996,2.33,7.425099999999999,-0.04534693731685494,0.19432832663910538,-1.1484040890138472,0.2923380563539286,1.4407421453677758,6.333411422805427,0,0,0
1.3378125,2.344329615960699,-3.6,5.47,9.07,1160.2039,-0.027812499999999928,1.6138467938613623,-2.26,3.52,5.779999999999999,414.23949999999996,1.0146874999999997,2.366434284421242,-2.37,4.51,6.88,1055.1363000000001,3.5513903210259143,1.9612600012944983,0.8106787279804497,7.441007996232768,6.630329268252319,2629.5797,-0.009062499999999992,0.6082584654972396,-3.94,3.6,7.54,58.8397,0.005062499999999999,0.6117517859732898,-3.21,4.4,7.61,59.50830000000001,-0.0200625,0.2724833313810277,-1.87,1.1800000000000002,3.0500000000000003,11.869699999999998,-0.01858838178311524,0.5119521146114218,-2.2774539818394715,3.7160640303392674,5.993518012178739,41.728384327132346,0,0,0
1.9969375,9.265295970989348,-9.91,39.14,49.05,14287.509300000003,-0.7962499999999999,8.118109327707023,-34.7,5.66,40.36,10580.130400000002,1.2251250000000002,8.743846928198915,-5.62,35.24,40.86,12396.471600000003,7.776967919941764,13.17208657547831,0.8106787279804497,63.07049389373766,62.25981516575721,37264.11129999999,0.0016875000000000444,5.220953817996674,-49.05,36.88,85.93,4334.0795,0.016750000000000015,3.755924217760488,-31.790000000000003,32.830000000000005,64.62,2243.0526,0.016000000000000007,4.5595769968207644,-37.99,38.800000000000004,76.79,3305.6100000000006,0.009042880338119022,6.329122461955811,-52.61738430854724,57.947086824218395,110.56447113276563,6369.201874800519,1,1,1
7.403125,12.4090308556603,-9.91,39.14,49.05,33252.465000000004,-0.9576249999999998,8.327290927913669,-34.7,5.66,40.36,11172.387400000003,1.9803750000000004,8.603451324977543,-5.62,35.24,40.86,12396.582200000003,12.456866857373843,14.185134724150508,2.6613154642018673,63.07049389373766,60.40917842953579,56821.43459999999,0.049500000000000065,6.030501486286249,-49.05,36.88,85.93,5782.7368,0.007875000000000016,3.8370909754771505,-31.790000000000003,32.830000000000005,64.62,2341.0094000000004,8.326672684688674e-18,4.567311390011998,-37.99,38.800000000000004,76.79,3316.7930000000006,0.04715748660909888,7.00200317833277,-52.61738430854724,57.947086824218395,110.56447113276563,7795.815525558648,1,1,1
11.1639375,7.492475646728788,0.69,39.06,38.370000000000005,28867.1735,-0.4022499999999999,2.3718209309098097,-5.7,5.39,11.09,920.3488,0.47806250000000006,0.9098500096688125,-1.34,2.14,3.4800000000000004,168.1915,11.515975103724895,7.412756549236764,2.6613154642018673,39.496445409682124,36.835129945480254,29955.713800000005,0.06193750000000002,3.0680947926109656,-28.0,24.64,52.64,1497.3135,-0.015999999999999997,0.9882461435551253,-11.09,2.87,13.96,155.3252,-0.008812500000000003,0.3430649348568028,-2.79,2.45,5.24,18.725700000000003,0.049769491489844234,3.0369837478186525,-27.985229140321184,24.03387770570747,52.019106846028656,1466.8962956031412,0,0,0
10.7979375,0.4378867158791146,10.18,11.94,1.7599999999999998,18685.7601,-0.7396874999999999,0.4745702085694349,-2.33,0.0,2.33,123.3515,0.22675,0.28238773023748637,-0.23,1.3,1.53,20.905600000000007,10.838297936773763,0.46934219587715803,10.205336839124909,12.128140830316903,1.9228039911919943,18830.017200000002,-0.007687499999999991,0.15618172722261406,-1.5300000000000011,0.9900000000000002,2.5200000000000014,3.8879000000000037,-0.0028750000000000004,0.21071423165363862,-2.14,0.9500000000000002,3.0900000000000003,7.061000000000001,-0.006687500000000001,0.1295794934616819,-1.53,0.38,1.9100000000000001,2.6769,-0.007999334414035409,0.16383301154841767,-1.6667212325758793,0.9689640338603898,2.635685266436269,4.27799794818161,0,0,0
10.673000000000002,0.03697355845948888,10.6,10.75,0.15000000000000036,18226.286,-0.6615,0.04217662770455107,-0.73,-0.57,0.16000000000000003,70.29599999999999,0.20975000000000002,0.0418435240287509,0.15,0.31,0.16,7.317600000000001,10.695699551593652,0.03731358920022432,10.624434102576947,10.770677787400382,0.14624368482343542,18303.899600000004,0.0006875000000000075,0.0178082686963743,-0.10999999999999943,0.10999999999999943,0.21999999999999886,0.050500000000000086,-0.0002499999999999995,0.0203104830880617,-0.12,0.08000000000000007,0.20000000000000007,0.06559999999999996,-0.00075,0.020787937963633474,-0.12000000000000002,0.08000000000000002,0.20000000000000004,0.06880000000000003,0.0006840718373829601,0.017965734746165567,-0.10978664266018257,0.10663540188821585,0.21642204454839842,0.05139492505475527,0,0,0
10.673375000000002,0.03654733296931285,10.6,10.75,0.15000000000000036,18227.5618,-0.66625,0.03336005218462656,-0.73,-0.61,0.12,71.19919999999999,0.20425,0.03245800382923472,0.15,0.27,0.12000000000000002,6.8424000000000005,10.696199441024017,0.036704056465735366,10.62349283428007,10.772088933906923,0.14859609962685383,18305.6034,-0.0006875000000000075,0.020191594085116643,-0.11000000000000121,0.08000000000000007,0.19000000000000128,0.06490000000000064,-0.0002499999999999995,0.015859048961468752,-0.07999999999999996,0.07999999999999996,0.15999999999999992,0.03999999999999995,0.0,0.016785738181245066,-0.12000000000000002,0.08000000000000002,0.20000000000000004,0.04480000000000002,-0.0006702983312994682,0.020071588110715764,-0.11055996288217607,0.07811399471803426,0.18867395760021033,0.06412800321298096,0,0,0
10.674687500000001,0.04202308253101873,10.6,10.75,0.15000000000000036,18232.113299999997,-0.67325,0.030582397206038704,-0.73,-0.61,0.12,72.6712,0.19324999999999998,0.03326187308703259,0.15,0.23,0.08000000000000002,6.1512,10.697739711869833,0.04152055892257433,10.62349283428007,10.772088933906923,0.14859609962685383,18310.9357,0.0,0.02365900309972845,-0.11000000000000121,0.10999999999999943,0.22000000000000064,0.08900000000000069,0.0002499999999999995,0.015859048961468766,-0.07999999999999996,0.07999999999999996,0.15999999999999992,0.03999999999999994,-0.00025000000000000006,0.01708101303463317,-0.08000000000000002,0.08000000000000002,0.16000000000000003,0.046400000000000025,-1.956706429475652e-05,0.02325246583335476,-0.11055996288217607,0.10836096599613398,0.21892092887831005,0.08596773086488252,0,0,0
10.676750000000002,0.03280493136728972,10.6,10.75,0.15000000000000036,18239.0496,-0.6815,0.036552710281603125,-0.73,-0.61,0.12,74.5232,0.18874999999999997,0.031855609776204816,0.15,0.23,0.08000000000000002,5.8616,10.700253791386453,0.032253709959697105,10.624923529136574,10.770677787400382,0.14575425826380872,18319.4344,0.0004375000000000018,0.017921803417509458,-0.08000000000000007,0.10999999999999943,0.1899999999999995,0.051100000000000485,0.0002499999999999995,0.017660316884269955,-0.12,0.07999999999999996,0.19999999999999996,0.049599999999999964,-0.00025000000000000006,0.017660316884269958,-0.08000000000000002,0.08000000000000002,0.16000000000000003,0.04960000000000002,0.00041590645182044695,0.01757169272865423,-0.07326221166434443,0.10836096599613398,0.18162317766047842,0.049121213778954884,0,0,0
11.0049375,0.7885668848729567,10.06,13.39,3.33,19476.256100000002,-0.9574999999999999,2.0152949750540214,-6.73,2.6,9.33,792.4538000000001,-0.1103125,1.078404028016174,-3.1,1.53,4.63,186.85690000000002,11.24973269248181,1.139703965846842,10.256734373083862,14.384196188873398,4.127461815789536,20455.566799999997,0.016749999999999998,0.25970362885945075,-1.5299999999999994,2.299999999999999,3.8299999999999983,10.768799999999999,-0.02537499999999999,0.49824457571829556,-3.8200000000000003,2.0200000000000005,5.840000000000001,39.574400000000004,-0.015500000000000005,0.3229264768240013,-2.45,1.84,4.29,16.619200000000003,0.022834008266264617,0.29669651182401696,-0.8011260698118523,3.208143194395376,4.009269264207228,14.080005109798327,0,0,0
12.4580625,2.215723257949335,10.06,17.29,7.229999999999999,25613.1307,-1.815625,2.2476636892000608,-6.73,2.6,9.33,1330.7058000000002,-0.08462499999999998,1.2845467044249728,-3.1,2.45,5.550000000000001,263.5054,12.834479186735038,2.3141959235539744,10.174065067611865,17.580346981786224,7.406281914174359,27207.3419,0.023250000000000003,0.9239990674938799,-5.049999999999999,6.619999999999999,11.669999999999998,135.83659999999995,-0.015999999999999993,0.6640993333292091,-3.8200000000000003,3.0999999999999996,6.92,70.1644,-0.0035625000000000058,0.5509195821590374,-2.45,4.78,7.23,48.26050000000001,0.025356943944983355,0.9692706322865898,-5.20724308664334,6.85030863599321,12.05755172263655,149.48107975650294,0,0,0
12.846375,2.305970235370589,7.69,17.29,9.599999999999998,27250.178400000004,-3.1405625,1.1889370797973224,-4.71,0.19,4.9,1802.8591,0.44250000000000006,0.8089056198882492,-2.33,2.45,4.78,135.3672,13.32847458698372,2.1930237152105527,8.57938226214452,17.580346981786224,9.000964719641704,29188.4047,-0.035625000000000004,0.9282523563702474,-5.049999999999999,6.619999999999999,11.669999999999998,137.20579999999995,0.006249999999999999,0.48120361411672136,-3.37,3.0999999999999996,6.47,36.8238,0.0198125,0.47088231364310984,-2.1100000000000003,4.78,6.890000000000001,35.3179,-0.03628008704205549,0.9543109337429032,-5.20724308664334,6.85030863599321,12.05755172263655,145.01338711806343,0,0,0
8.115874999999999,4.61195580382965,0.54,14.04,13.5,13920.740000000002,-3.1904375000000003,0.968537344279584,-4.67,-1.3,3.37,1777.7749,0.820375,0.6505951677710525,0.0,2.37,2.37,174.983,8.975869293997587,4.331325974389815,2.0707003646109694,14.32641267030934,12.25571230569837,15873.4979,-0.061750000000000006,0.4800767103273627,-3.55,1.87,5.42,37.255399999999995,-0.0026249999999999997,0.24987918464377779,-1.2299999999999995,1.2200000000000002,2.4499999999999997,9.928999999999998,0.0064375000000000005,0.22938623843563016,-0.9200000000000002,1.6400000000000001,2.5600000000000005,8.372900000000001,-0.055767611499115154,0.4195622314957711,-3.024642316112537,1.8015599685615955,4.826202284674133,28.48676634830671,0,0,0
8.752125,6.044834208909913,0.54,18.98,18.44,18065.814000000002,-3.2104375000000003,0.9615294072989279,-4.78,-1.3,3.4800000000000004,1796.1071,2.164125,1.5852946029011208,0.19,4.9,4.71,1148.9422,9.805418644339799,5.949190385950444,2.0707003646109694,19.98650544742627,17.915805082815304,21010.863299999997,0.010312499999999997,0.8642431682870388,-4.66,5.660000000000001,10.32,118.77669999999999,0.003812499999999999,0.22371329325414813,-1.0300000000000002,1.2200000000000002,2.2500000000000004,7.959900000000003,0.014624999999999999,0.26143024010288396,-1.08,1.6400000000000001,2.72,10.9012,0.011016673904737378,0.8155801099480152,-4.446273009378565,5.436033696937408,9.882306706315973,105.7815943397353,0,0,0
7.914687499999999,7.852477149664694,-5.66,18.98,24.64,19826.926700000004,-3.6481875,0.6823902421709025,-5.09,-2.68,2.4099999999999997,2203.5229,2.2164375,1.8594728903728197,-1.07,4.9,5.970000000000001,1335.7799,10.71844020579886,5.599099112595586,3.0891584614583953,19.98650544742627,16.897346985967875,23366.229499999998,0.079875,1.3112392657138088,-5.4,5.89,11.29,274.3972,-0.009125,0.20724423503676762,-1.4200000000000004,1.1500000000000004,2.5700000000000007,6.842400000000003,0.019374999999999996,0.3392846479389307,-1.5999999999999999,1.53,3.13,18.3632,0.07864921444369202,1.123172325273539,-4.446273009378565,5.606163673757746,10.05243668313631,201.57076731861622,0,0,0
9.617750000000001,9.560662851023638,-5.66,23.99,29.65,29333.776000000005,-3.9450625,1.1675394741687057,-6.77,-2.68,4.09,2706.9035,2.1738124999999995,1.7597866050860416,-1.07,4.55,5.62,1248.4726999999998,12.411894299981777,7.371683448608975,3.0891584614583953,24.681624743926402,21.592466282468006,33289.1522,-0.042125,1.3288981521328613,-5.4,5.89,11.29,281.07319999999993,-0.0019375000000000004,0.3215596756435731,-1.7200000000000002,2.1399999999999997,3.86,16.441299999999995,-0.0136875,0.3754906590887362,-2.33,1.53,3.8600000000000003,22.4479,-0.03713198979605348,1.1366648527353298,-5.390491961507594,5.606163673757746,10.996655635265341,205.64971655016365,0,0,0
11.487125,7.921788073003774,-0.11,23.99,24.099999999999998,31090.648,-4.500937500000001,1.0489400441373982,-6.77,-2.95,3.8199999999999994,3416.2938999999997,2.467625,1.3576396866871288,0.42,4.55,4.13,1267.3341999999998,13.120614727378722,7.194595791597362,4.003610870202048,24.681624743926402,20.678013873724353,35774.2761,-0.011,0.9570179049737,-5.35,3.33,8.68,145.64479999999998,-0.004749999999999999,0.3223400095566887,-1.7200000000000002,2.1399999999999997,3.86,16.524199999999993,-0.00024999999999999746,0.27763137861188714,-2.33,1.3000000000000003,3.6300000000000003,12.255600000000001,-0.008779439417433088,0.8792899793733309,-5.390491961507594,3.054568542264324,8.445060503771918,122.94332055342731,0,0,0
9.058937499999999,5.191535272598585,-0.11,15.69,15.799999999999999,17415.669899999994,-4.745687500000001,0.8760091193596432,-6.04,-3.41,2.63,3725.4632999999994,2.2695625,1.0689525507793187,0.42,3.83,3.41,1005.8290999999999,10.834202419792701,4.601183583247923,4.003610870202048,17.113754701993365,13.110143831791316,22146.9623,0.0385,0.5819941861431295,-2.6,3.33,5.93,54.0932,-0.000437499999999999,0.16647415375344157,-1.37,0.69,2.06,4.406500000000001,0.008375000000000002,0.13066779376359,-0.5,0.8400000000000001,1.34,2.7260000000000004,0.033179359509908815,0.5085729828792078,-1.731037436944801,3.054568542264324,4.785605979209125,41.3009293310283,0,0,0
10.3619375,2.481190244119893,8.38,15.69,7.309999999999999,18158.012299999995,-4.5951875,0.7865384491035637,-6.04,-3.48,2.56,3476.8838999999994,2.93525,0.48902926562886656,2.03,3.83,1.8000000000000003,1416.5356,11.734124282110962,2.5341493717743506,9.709629241119353,17.113754701993365,7.4041254608740115,23051.431800000002,-0.041812499999999996,0.24063038771228765,-1.5700000000000003,0.41999999999999993,1.9900000000000002,9.486299999999996,0.014812499999999998,0.13096627764620597,-0.6100000000000003,0.69,1.3000000000000003,2.7623000000000006,-0.003125,0.08618531664402841,-0.5,0.5,1.0,1.1826,-0.043605999134584725,0.24741681804733762,-1.731037436944801,0.6685191543869049,2.399556591331706,10.037435320258528,0,0,0
8.6788125,0.2862671749262415,8.19,9.18,0.9900000000000002,12064.5157,-4.138999999999999,0.4434813674444962,-4.67,-3.33,1.3399999999999999,2772.2827999999995,3.1544375000000002,0.26325907768039486,2.33,3.56,1.23,1603.0957,10.131343550128559,0.3253895496359054,9.342665572522652,10.662921738435484,1.3202561659128325,16439.894200000002,-0.003562500000000002,0.1071784902561371,-0.6500000000000004,0.6099999999999994,1.2599999999999998,1.8284999999999978,0.0009374999999999994,0.11446235752118762,-0.6100000000000003,0.69,1.3000000000000003,2.0832999999999995,0.0043124999999999995,0.06415019595846487,-0.27,0.5,0.77,0.6573,-0.0022935229287293856,0.10080198412789704,-0.366951155980475,0.6685191543869049,1.03547031036738,1.6164470002431468,0,0,0
8.6466875,0.3475190088009394,8.19,9.41,1.2200000000000006,11981.6351,-3.5996249999999996,0.5851741529734347,-4.59,-2.91,1.6799999999999997,2127.6142,3.44925,0.27875407885444,3.02,3.94,0.9199999999999999,1915.927,10.001434883339867,0.35980728498322206,9.342665572522652,10.662921738435484,1.3202561659128325,16025.1763,-0.004062500000000002,0.13397313574231579,-0.6500000000000004,0.6899999999999995,1.3399999999999999,2.8564999999999987,0.0011874999999999998,0.09170208721039087,-0.45999999999999996,0.69,1.15,1.3372999999999995,0.0033750000000000004,0.05054280830838459,-0.22999999999999998,0.31000000000000005,0.54,0.408,-0.0027390465177610456,0.11409786598350917,-0.4929052193422372,0.6316257105037,1.1245309298459372,2.071113740628777,0,0,0
8.3383125,0.47589204139478286,7.84,9.41,1.5700000000000003,11160.4021,-3.230624999999999,0.2026078018824739,-3.6,-2.91,0.69,1676.4370000000004,3.649187499999999,0.22976874311895737,3.02,3.94,0.9199999999999999,2139.0452999999998,9.666834405996436,0.39056812938539165,9.22664077549354,10.5817862386272,1.3551454631336615,14975.884399999999,0.0,0.11102722200054013,-0.6499999999999986,0.6899999999999995,1.339999999999998,1.9599999999999986,-0.0009374999999999994,0.052001413563273605,-0.22999999999999998,0.27,0.5,0.4300999999999998,0.0055,0.04290988069938235,-0.18999999999999995,0.22999999999999998,0.41999999999999993,0.2975999999999999,0.002332003444381925,0.09091318797612637,-0.4929052193422372,0.5074922186970703,1.0003974380393075,1.3150381503395447,0,0,0
8.0696875,0.16463575910506403,7.84,8.34,0.5,10423.486700000001,-3.3408124999999997,0.15212528713998016,-3.6,-3.1,0.5,1789.4441000000002,3.723,0.11008744380272836,3.48,3.94,0.45999999999999996,2219.6436,9.495973268907125,0.17398525550591565,9.22664077549354,9.742474018441108,0.5158332429475685,14432.574400000001,-0.0002499999999999947,0.05180939911326895,-0.34000000000000075,0.3099999999999996,0.6500000000000004,0.4268000000000003,-0.0002500000000000002,0.04257365057486195,-0.22999999999999998,0.22999999999999998,0.45999999999999996,0.28819999999999985,-0.0002500000000000002,0.033850392266616,-0.20000000000000018,0.18999999999999995,0.3900000000000001,0.1822,-0.00022435767221349324,0.04940469817746856,-0.4096823674933585,0.22102957409095225,0.6307119415843108,0.3880991019374892,0,0,0
8.069875000000001,0.2585250556571176,7.46,8.38,0.9200000000000008,10430.288,-3.3435625,0.11811595877349136,-3.6,-3.1,0.5,1790.9239000000002,3.81875,0.1955149626727602,3.6,4.29,0.69,2339.3342000000002,9.535594194887636,0.27628528765808935,8.942510833093802,10.012821780097758,1.0703109470039553,14560.546100000003,0.0009375000000000022,0.06655774317162982,-0.34000000000000075,0.3799999999999999,0.7200000000000006,0.7045000000000013,0.0,0.05261704532867174,-0.22999999999999998,0.3500000000000001,0.5800000000000001,0.4402,0.0014375,0.0479235092188485,-0.20000000000000018,0.3899999999999997,0.5899999999999999,0.36549999999999994,0.001375960568804835,0.06899541893418937,-0.4096823674933585,0.4368776822287721,0.8465600497221306,0.7572014083886894,0,0,0
7.5501249999999995,0.8530175719101111,4.97,8.38,3.410000000000001,9236.3966,-3.11125,0.5615351263395795,-3.6,-1.03,2.5700000000000003,1598.9164,3.6097499999999996,0.4903149417857514,2.56,4.29,1.73,2123.0722,8.935978184992672,1.0702148740153024,5.6846635784362824,10.012821780097758,4.328158201661475,12958.3852,-0.019875000000000004,0.13472537872634088,-1.1499999999999995,0.3799999999999999,1.5299999999999994,2.949199999999999,0.014375000000000002,0.12117707558692255,-0.27,1.1500000000000001,1.4200000000000002,2.3678000000000003,-0.0071874999999999994,0.08103242518163711,-0.5,0.3899999999999997,0.8899999999999997,1.0522999999999998,-0.02418223529126512,0.1483289310423743,-1.0397099983365017,0.4368776822287721,1.4765876805652738,3.591798894272711,0,0,0
3.5299375000000004,4.59061916006967,-7.69,8.34,16.03,5344.4051,-0.8641249999999998,2.643415550086716,-3.6,5.32,8.92,1230.5096,1.2530000000000001,2.677881167484813,-5.39,4.13,9.52,1391.3980000000001,6.566923807111181,2.5897652620070146,0.7237402849088891,9.935939814632533,9.212199529723645,7966.3127,-0.05118750000000001,1.0734716336589625,-8.49,9.26,17.75,183.64149999999995,0.024375,0.5793845004580883,-1.5699999999999998,6.3500000000000005,7.92,53.4692,-0.029374999999999995,0.5805621733345347,-4.699999999999999,4.47,9.169999999999998,53.72939999999999,-0.05757624706077278,0.5722420145862945,-3.8245680233839376,5.219042205439892,9.04361022882383,52.59669067408379,0,0,0
1.2628125000000001,5.088783098516004,-7.69,15.84,23.53,4372.5697,-1.1601250000000003,4.815332689970064,-15.84,5.32,21.16,3902.1436000000003,0.13893750000000002,4.451045046800561,-7.8,13.81,21.61,3153.1651,6.332002001298338,5.614893999172288,0.7237402849088891,23.72026981296798,22.996529528059092,11427.8784,0.06793749999999998,1.5864069195222816,-8.49,11.71,20.200000000000003,400.8917,-0.09256250000000002,1.0507884113261614,-6.31,6.3500000000000005,12.66,176.93169999999998,-0.06475,1.4750840291596146,-9.91,9.18,19.09,346.6345999999999,0.11272253896582311,1.693958139705388,-10.461930968525408,11.181664031355066,21.643594999880474,458.28259379933206,0,0,0
5.421375000000001,9.864892549628879,-5.28,39.14,44.42,20175.8698,-3.7338750000000003,14.389935685779859,-39.18,20.39,59.57,35154.8612,0.08975000000000008,7.999402803967666,-13.01,23.8,36.81,10175.7696,13.200062598341308,15.383532031392425,0.7237402849088891,55.73892804853714,55.01518776362825,65506.5006,0.015562500000000002,3.05940528336686,-22.38,23.3,45.68,1488.2725,0.028937500000000015,5.268328604536478,-23.34,59.57,82.91,4413.2245,-0.01031250000000002,4.1203540517523995,-36.81,30.11,66.92,2699.4105,0.03369909084308755,3.7764599134540493,-24.47926140214259,32.01865823556916,56.49791963771175,2267.7839675859154,1,0,0
10.754750000000001,11.321586269616889,-0.61,39.14,39.75,38886.6958,-2.1401250000000003,14.058398997546403,-39.18,20.39,59.57,32157.3562,-0.08881249999999978,6.9972596048168185,-13.01,23.8,36.81,7786.1631,16.045550115749585,15.38533699904091,2.0486825034641165,55.73892804853714,53.690245545073026,78830.2151,-0.0346875,4.345358967429229,-31.950000000000003,23.3,55.25,3002.4535000000005,0.08631250000000003,5.229363829879446,-23.34,59.57,82.91,4349.2451,0.04968749999999999,3.9767265419915474,-36.81,30.11,66.92,2514.8772999999997,-0.08269294001333874,4.661192137566629,-31.88713928598812,32.01865823556916,63.90579752155728,3455.6413303592444,1,1,1
12.005875,7.119932370845165,2.64,36.77,34.13,31122.822,-0.545,1.556857421682071,-2.75,5.05,7.8,432.909,0.6324375000000001,1.2418852309641144,-2.83,4.09,6.92,309.21869999999996,12.203965997231546,7.108796893382337,5.205746824423946,37.09288611041207,31.88713928598812,31864.949700000005,0.0504375,3.3026614666606,-31.950000000000003,22.57,54.52,1734.7111000000002,-0.036375000000000005,0.6365665443681474,-4.4,3.06,7.460000000000001,64.6412,0.016500000000000008,0.8315456548504265,-6.92,6.3100000000000005,13.23,109.98700000000002,0.028939126218992993,3.169380746736653,-31.88713928598812,19.440590341523514,51.32772962751163,1597.2849122120106,0,0,0
10.693312500000001,0.1438103305173934,10.48,11.02,0.5399999999999991,18298.7975,-0.8253125000000001,0.248550317280276,-1.22,-0.11,1.1099999999999999,118.8051,0.47531249999999997,0.1546142364302791,0.31,0.88,0.5700000000000001,39.948499999999996,10.739666306326551,0.13922337602532514,10.555325670011324,11.036140629767274,0.4808149597559499,18457.5511,0.0023750000000000047,0.07985432885246713,-0.4599999999999991,0.4200000000000017,0.8800000000000008,1.014799999999999,0.007874999999999998,0.14083036541846902,-0.73,1.1099999999999999,1.8399999999999999,3.163399999999999,0.0019374999999999996,0.07517273086305144,-0.5,0.73,1.23,0.8990999999999999,0.0013639586298625605,0.07360650791013348,-0.44529080550859845,0.3257242592866909,0.7710150647952894,0.861746624372238,0,0,0
10.660937500000001,0.06886133066994268,10.56,10.87,0.3099999999999987,18185.6481,-0.8229374999999999,0.0543063390325614,-0.99,-0.73,0.26,108.8251,0.454,0.05079493858804748,0.34,0.54,0.2,33.388799999999996,10.7025506223141,0.06764819690861333,10.598584811190596,10.907488253488976,0.30890344229838007,18327.862,0.0,0.03707887224951152,-0.1999999999999993,0.3099999999999987,0.509999999999998,0.21859999999999966,-0.0004374999999999997,0.025779590069489957,-0.18999999999999995,0.15000000000000002,0.33999999999999997,0.10569999999999996,0.0005000000000000001,0.02197196612953613,-0.12000000000000005,0.12,0.24000000000000005,0.07680000000000001,5.415603217524545e-05,0.03694308817285257,-0.19985546187719017,0.30543184918702515,0.5052873110642153,0.21700235969592896,0,0,0
10.665812500000001,0.03686575808927407,10.6,10.71,0.11000000000000121,18201.7451,-0.8223125,0.026968928662584064,-0.84,-0.77,0.06999999999999995,108.30729999999998,0.485375,0.04911656652208337,0.38,0.57,0.18999999999999995,38.077799999999996,10.708618576682195,0.036195543517591224,10.643204404689408,10.75451997998981,0.11131557530040226,18348.1302,0.0,0.020861930058989515,-0.11000000000000121,0.11000000000000121,0.22000000000000242,0.06920000000000107,-0.0004374999999999997,0.011993020769172828,-0.06999999999999995,0.039999999999999925,0.10999999999999988,0.022899999999999955,0.0005000000000000001,0.021332940247950828,-0.10999999999999993,0.12,0.22999999999999993,0.07239999999999996,5.62154770644141e-05,0.02062277144247829,-0.10647931158801605,0.10953013123214284,0.21600944282015888,0.06762299924180071,0,0,0
10.66975,0.031522179473224186,10.6,10.71,0.11000000000000121,18215.1284,-0.8298124999999998,0.027688107362334763,-0.88,-0.77,0.10999999999999999,110.2961,0.48737499999999995,0.04363207377188507,0.42,0.57,0.14999999999999997,38.3082,10.713186135083408,0.03127818065818337,10.643204404689408,10.75593324635292,0.11272884166351105,18363.7327,0.0,0.017519082139019596,-0.11000000000000121,0.11000000000000121,0.22000000000000242,0.04880000000000076,0.0002499999999999995,0.015416645418989263,-0.07999999999999996,0.07999999999999996,0.15999999999999992,0.037799999999999945,-0.0002499999999999999,0.01909756479586013,-0.10999999999999993,0.10999999999999993,0.21999999999999986,0.05799999999999997,-3.022664820241383e-05,0.017517254702167723,-0.10647931158801605,0.10953013123214284,0.21600944282015888,0.048789965939840155,0,0,0
11.072062499999998,1.3995794951930305,9.72,15.11,5.389999999999999,19925.9437,-1.0423125,2.5506171954705774,-5.59,4.78,10.370000000000001,1208.2244999999998,0.2891875,1.1906786669345686,-2.53,3.1,5.63,238.7975,11.444448863172429,1.6192632359042212,9.77467134997387,16.11187760628785,6.337206256313982,21372.9657,0.027749999999999997,0.6161984794185524,-4.279999999999999,5.08,9.36,60.49559999999999,-0.028687499999999987,0.904904263239449,-4.82,7.800000000000001,12.620000000000001,130.32909999999998,-0.011750000000000002,0.467988536654747,-1.7999999999999998,4.78,6.58,34.8452,0.033720314614661,0.6266395728311045,-3.8573103555537323,4.749873762830077,8.60718411838381,62.617597062667784,0,0,0
14.434250000000002,4.216407536721665,9.72,26.4,16.68,36162.3284,-2.523875,3.111021791638611,-6.35,4.78,11.129999999999999,2558.0658,0.10831250000000003,1.3953197698807718,-2.53,3.1,5.63,311.43690000000004,15.036774173904329,4.237522335059676,9.77467134997387,27.191634743060224,17.416963393086355,39031.8311,0.0318125,1.4649154232675143,-7.229999999999997,13.969999999999999,21.199999999999996,341.37229999999994,-0.030624999999999993,1.0062313321054441,-4.82,7.800000000000001,12.620000000000001,161.1378,-0.0019375000000000004,0.5580587386804452,-1.7999999999999998,4.78,6.58,49.5179,0.037798199469929884,1.4847551943762525,-7.2862359779010575,14.318818423388759,21.605054401289816,350.743772590442,0,0,0
10.751437500000003,8.5376822040559,-3.37,26.4,29.77,30084.776099999995,-3.2011875000000005,1.8078001405770612,-6.35,-0.84,5.51,2159.2507000000005,0.25668749999999996,0.8258624018327793,-1.45,2.1,3.55,118.98790000000002,12.33164011841589,7.107405571098094,1.4972641717479251,27.191634743060224,25.694370571312298,32363.014700000007,-0.1143125,1.4582865028419743,-7.229999999999997,13.969999999999999,21.199999999999996,340.22009999999995,0.015499999999999996,0.5123319482105639,-3.0199999999999996,3.4799999999999995,6.499999999999999,41.773399999999995,0.006250000000000001,0.31505565047001205,-1.49,2.33,3.8200000000000003,15.7886,-0.07350598852017229,1.4635739281381903,-7.2862359779010575,14.318818423388759,21.605054401289816,341.4502351127432,0,0,0
7.688750000000001,7.2034189777183855,-3.37,17.06,20.43,17709.090200000002,-3.4403750000000004,1.446404297933936,-5.85,-0.99,4.859999999999999,2226.4304,1.7302499999999998,1.6138231298192558,-0.34,4.63,4.97,893.1059999999999,9.836600185372111,5.799172618768693,1.4972641717479251,18.32924712038113,16.831982948633204,20828.626600000003,-0.015062500000000001,0.9744348446712257,-5.279999999999999,4.940000000000001,10.22,151.01050000000004,0.009312500000000001,0.29470403418904234,-1.5000000000000002,2.6100000000000003,4.11,13.8231,0.020125000000000004,0.20757960509845402,-1.2599999999999998,1.49,2.75,6.915999999999999,-0.014764133810712843,0.8441821929229253,-5.054124861416595,4.581464060959032,9.635588922375627,113.34520514440638,0,0,0
7.781499999999999,6.5092860809015685,-3.18,17.06,20.24,16425.236800000002,-3.9245625000000004,0.7493660606969921,-5.28,-2.41,2.87,2553.6368999999995,2.8219374999999998,1.1422379538603122,-0.34,5.82,6.16,1481.5814999999998,9.951656277958707,5.387372361025569,2.854715397373265,18.32924712038113,15.474531723007864,20460.455199999997,0.11912500000000001,1.1687731499742053,-5.24,4.940000000000001,10.180000000000001,219.46940000000004,-0.013124999999999998,0.22587130387003518,-1.3399999999999999,0.8399999999999999,2.1799999999999997,8.139399999999998,0.0385,0.29459961102759447,-1.2599999999999998,1.7600000000000007,3.0200000000000005,14.0366,0.08312399842131764,0.9933358766532685,-4.40953356236772,4.974767563747411,9.384301126115131,157.99340590976402,0,0,0
7.590625,6.985307103498649,-2.95,18.48,21.43,16977.142,-4.2425,1.0460179057356027,-6.24,-2.41,3.83,3053.7794,3.4880624999999994,1.6618616888293503,0.46,6.08,5.62,2385.7765000000004,10.225299127033747,5.980902070132158,2.854715397373265,20.21451458729593,17.359799189922665,22416.6979,-0.10212499999999998,1.1399246292528975,-5.319999999999999,4.75,10.07,208.2778,0.0019375000000000004,0.23295881050077755,-1.3399999999999999,1.1099999999999999,2.4499999999999997,8.6295,-0.018187500000000006,0.2978536888617516,-1.4499999999999997,1.7600000000000007,3.2100000000000004,14.1589,-0.059521907275607765,0.9759093725475237,-4.40953356236772,4.974767563747411,9.384301126115131,151.9983146360667,0,0,0
9.9276875,7.555115075304983,-2.95,18.48,21.43,24845.119099999996,-4.634124999999999,0.8287418572979988,-6.24,-3.14,3.1,3545.2216000000003,3.7887499999999994,2.166105611924909,-0.11,6.08,6.19,3042.7704000000003,12.560233891088451,6.240260353877809,3.498585428426752,20.21451458729593,16.71592915886918,31433.111100000002,-0.0021874999999999868,1.0003588487427206,-5.319999999999999,4.359999999999999,9.68,159.11489999999998,0.0033750000000000004,0.20075294588876857,-1.2300000000000004,1.1099999999999999,2.3400000000000003,6.409800000000001,-0.003875000000000001,0.304333455606277,-1.4499999999999997,1.9099999999999997,3.3599999999999994,14.7288,-0.0041479741390491156,0.8640612849835781,-3.9182936769048498,4.42134101430368,8.33963469120853,118.71245567930126,0,0,0
8.809375,5.9766423429019575,-2.95,18.06,21.009999999999998,18096.3344,-4.5358125000000005,0.617445001115497,-5.7,-3.14,2.56,3352.3921,3.4663749999999993,1.7942158945067432,-0.11,6.04,6.15,2434.3754,11.151404432177937,5.00722155874563,3.498585428426752,19.66355003553529,16.164964607108537,23883.1019,0.06743750000000001,0.7926210376193192,-2.33,4.359999999999999,6.6899999999999995,100.61909999999997,-0.008125000000000002,0.14767884371331955,-0.96,0.7999999999999998,1.7599999999999998,3.4781999999999997,0.0231875,0.2570083616460261,-0.8399999999999999,1.9099999999999997,2.7499999999999996,10.5885,0.03361797671832516,0.7281461858143614,-2.493435145369805,4.42134101430368,6.914776159673485,84.4821289360261,0,0,0
9.2185,2.3903880372344264,5.51,15.53,10.02,14505.437600000001,-4.7475000000000005,0.501001512695591,-5.62,-3.33,2.29,3646.1103999999996,3.9335624999999994,0.543537616658931,2.79,5.2,2.41,2522.6401,11.162938838600287,2.1520730647785173,7.852681070819062,16.987083328223243,9.13440225740418,20674.188100000003,-0.03943749999999999,0.40427782786954625,-2.33,1.0700000000000003,3.4000000000000004,26.2359,-0.0014375000000000026,0.1697865729258704,-0.7999999999999998,1.1799999999999997,1.9799999999999995,4.5839,-0.008375000000000002,0.126639623892456,-0.6100000000000003,0.5399999999999996,1.15,2.5611999999999995,-0.03702957977663004,0.37035874762564097,-2.1656787101915835,1.075373014447969,3.2410517246395525,22.02872107345971,0,0,0
8.92225,1.1590447975670726,7.46,10.79,3.329999999999999,12950.645400000001,-4.041500000000001,0.9822482233768833,-5.62,-2.6,3.02,2766.8005999999996,3.7351875,0.44755797470637254,3.06,4.55,1.4899999999999998,2264.1091,10.513179980526054,1.367278367931181,8.61351264003252,12.458707798162697,3.8451951581301778,17981.5551,0.002875000000000005,0.1821996537770524,-1.0300000000000011,1.0700000000000003,2.1000000000000014,5.279600000000002,0.01,0.18434654268182543,-0.7999999999999998,1.1799999999999997,1.9799999999999995,5.4193999999999996,-0.004062499999999999,0.08179816297086875,-0.41999999999999993,0.43000000000000016,0.8500000000000001,1.0665,-0.0036422240678651518,0.16112078342949776,-0.8858905093604594,0.7347746029513935,1.620665112311853,4.129747717002362,0,0,0
8.1493125,0.4261988225238952,7.46,9.22,1.7600000000000007,10654.6887,-3.5634375000000005,0.5941031472129246,-4.74,-2.6,2.14,2087.8143,3.435125,0.227449593558799,3.06,3.86,0.7999999999999998,1896.239,9.546937868254734,0.5918650531930764,8.61351264003252,11.062350563962436,2.4488379239299167,14638.742,-0.0033750000000000056,0.11367440815408912,-0.6500000000000004,0.6100000000000003,1.2600000000000007,2.056400000000001,0.0030625000000000014,0.1348887119911873,-0.5299999999999998,0.7999999999999998,1.3299999999999996,2.8945,-0.002812499999999998,0.05700239292119364,-0.3799999999999999,0.22999999999999998,0.6099999999999999,0.5178999999999997,-0.005086185558631684,0.1266719622015755,-0.7147043884148037,0.6896177461637585,1.4043221345785621,2.555419060637484,0,0,0
8.65,0.48778797332267093,7.65,9.6,1.9499999999999993,12009.432,-3.8567499999999995,0.3394419208201355,-4.36,-3.02,1.3400000000000003,2398.2434000000003,3.63225,0.20126939923689932,3.29,4.02,0.7299999999999995,2117.3594000000003,10.152635043120497,0.45471028161121985,9.467940641977009,10.940210235639897,1.4722695936628885,16525.0348,0.0038124999999999964,0.10746286107039006,-0.6500000000000004,0.5399999999999991,1.1899999999999995,1.8385000000000002,-0.0023749999999999995,0.10616521774630086,-0.5299999999999998,0.7999999999999998,1.3299999999999996,1.7929999999999997,0.0016875000000000002,0.05134936295098222,-0.3099999999999996,0.22999999999999998,0.5399999999999996,0.41969999999999946,0.004755618441341336,0.08225362240378825,-0.4717786445464185,0.5170380760774265,0.988816720623845,1.079358230450191,0,0,0
8.7950625,0.3886373499547801,8.07,9.6,1.5299999999999994,12400.5151,-4.040125,0.19613878894370163,-4.32,-3.67,0.6500000000000004,2617.7344,3.8283125,0.14934751957690334,3.41,4.02,0.6099999999999994,2348.5027,10.415356527783137,0.250884521613192,9.951271275570775,10.940210235639897,0.9889389600691221,17366.752200000003,-0.0028124999999999956,0.09227503239649175,-0.620000000000001,0.33999999999999986,0.9600000000000009,1.3551000000000013,0.0002500000000000002,0.04062328854643666,-0.18999999999999995,0.31000000000000005,0.5,0.2624000000000002,0.002812499999999998,0.043381761159015486,-0.3099999999999996,0.22999999999999998,0.5399999999999996,0.30049999999999943,-0.001442167135923733,0.07247316508396201,-0.4717786445464185,0.31097696131573294,0.7827556058621514,0.8354579608763361,0,0,0
8.797125000000001,0.48419600415560204,8.07,9.72,1.6500000000000004,12419.582199999999,-4.032875,0.27550385517055204,-4.32,-3.48,0.8400000000000003,2614.3214,4.0731874999999995,0.20822511969428212,3.79,4.44,0.6500000000000004,2661.4309000000003,10.5096144512365,0.38045945260982245,9.951271275570775,11.260479563499949,1.3092082879291738,17695.3345,0.0016874999999999974,0.08194354457097497,-0.6099999999999994,0.33999999999999986,0.9499999999999993,1.0681000000000007,0.0,0.05112569293405638,-0.18999999999999995,0.3799999999999999,0.5699999999999998,0.41560000000000025,0.003812500000000002,0.039793047573918286,-0.1599999999999997,0.1900000000000004,0.3500000000000001,0.2541000000000002,0.0028857059521902317,0.0691086660163836,-0.4394024273226034,0.3251191849141648,0.7645216122367682,0.7607175950664878,0,0,0
8.948937500000001,0.4193564954582422,8.23,9.72,1.4900000000000002,12841.318900000002,-3.8612499999999996,0.23774027898438307,-4.32,-3.48,0.8400000000000003,2394.467,4.2471875,0.13353053910702933,3.86,4.44,0.5800000000000005,2889.0113000000006,10.63799554889096,0.3372596958075656,10.01781413283357,11.260479563499949,1.2426654306663796,18124.7972,0.0009375000000000022,0.0852211099353696,-0.5,0.34999999999999964,0.8499999999999996,1.1548999999999998,0.0014375,0.05858764197723638,-0.27,0.3799999999999999,0.6499999999999999,0.5460999999999998,0.0016875000000000002,0.03674186471372285,-0.15000000000000036,0.1900000000000004,0.34000000000000075,0.21510000000000062,0.0008566961930838834,0.0687664318441098,-0.35685759738260003,0.3251191849141648,0.6819767822967648,0.752000150161487,0,0,0
9.0125625,0.4080051899950451,8.38,9.68,1.299999999999999,13022.673700000001,-3.9420625,0.1488999363254929,-4.17,-3.56,0.6099999999999999,2489.9022999999997,4.307875,0.11024493884474032,4.13,4.55,0.41999999999999993,2971.1784000000007,10.740725597897637,0.40160511994837783,10.123798694166139,11.392563363879088,1.268764669712949,18483.754399999998,0.00025000000000000575,0.08270543319060289,-0.5,0.379999999999999,0.879999999999999,1.087599999999999,-0.0004999999999999976,0.04618529810455148,-0.27,0.18999999999999995,0.45999999999999996,0.33919999999999945,0.0,0.03186054518715335,-0.14999999999999947,0.22999999999999954,0.379999999999999,0.16139999999999993,0.000393183026376398,0.07273358875802588,-0.35685759738260003,0.4246539557453435,0.7815115531279435,0.841162549308595,0,0,0
8.893,0.4931044003915751,8.15,9.68,1.5299999999999994,12692.332999999999,-3.801625,0.3020805996406343,-4.17,-3.21,0.96,2326.8855999999996,4.348000000000001,0.13712593486492122,4.13,4.67,0.54,3027.8064000000004,10.606739706216615,0.5411183895552134,9.755424132245608,11.392563363879088,1.6371392316334799,18047.025,0.0028749999999999943,0.0768269107398994,-0.39000000000000057,0.379999999999999,0.7699999999999996,0.9397999999999986,0.0007500000000000007,0.0544561447231918,-0.2599999999999998,0.31000000000000005,0.5699999999999998,0.4715999999999995,0.0033750000000000004,0.043188740379842966,-0.1899999999999995,0.27000000000000046,0.45999999999999996,0.29839999999999955,0.003513218684226993,0.08850410100352513,-0.4439743903665736,0.49827800490170127,0.9422523952682749,1.2474180001000195,0,0,0
8.697812500000001,0.2802664318086317,8.15,9.22,1.0700000000000003,12116.8001,-3.647,0.20720299650585722,-4.06,-3.21,0.8499999999999996,2134.9238,4.45825,0.17533274744623167,4.13,4.74,0.6100000000000003,3185.0468,10.433193475527455,0.3593015967754697,9.755424132245608,10.993270668913778,1.2378465366681706,17436.7707,-0.004062500000000002,0.06042092264341683,-0.39000000000000057,0.379999999999999,0.7699999999999996,0.5830999999999997,0.0019374999999999976,0.05322902781862287,-0.2599999999999998,0.31000000000000005,0.5699999999999998,0.4510999999999997,0.0009374999999999967,0.04153950722357401,-0.1899999999999995,0.27000000000000046,0.45999999999999996,0.27449999999999963,-0.003692949419310354,0.07752333833060905,-0.4439743903665736,0.49827800490170127,0.9422523952682749,0.9577510698277885,0,0,0
8.715375,0.1308601803164464,8.49,8.99,0.5,12155.964600000001,-3.6709999999999994,0.10817642240701006,-3.86,-3.52,0.33999999999999986,2158.0591999999997,4.5483125,0.08207391878455714,4.4,4.74,0.33999999999999986,3311.0145,10.494460573429375,0.15142641772921986,10.207061281289537,10.76804067600044,0.5609793947109036,17625.0383,-0.0014375000000000026,0.032054334276536665,-0.23000000000000043,0.15000000000000036,0.3800000000000008,0.16370000000000048,0.0021249999999999993,0.029254629263303557,-0.18999999999999995,0.18999999999999995,0.3799999999999999,0.13679999999999984,-0.0010000000000000009,0.02862026374538403,-0.14999999999999947,0.14999999999999947,0.29999999999999893,0.1303999999999995,-0.0023722730847854255,0.038830438034330804,-0.2642975173498332,0.16560451320787983,0.42990203055771303,0.24064109268634923,0,0,0
6.9775624999999994,3.3427529322222584,-3.14,8.88,12.020000000000001,9566.4861,-3.2734375,0.5418243662552696,-3.75,-1.99,1.76,1761.1410999999998,4.1338124999999994,0.9526097037304994,1.15,4.74,3.5900000000000003,2878.4319000000005,9.110474111495472,2.4131986839195956,2.8193793643282556,10.624617640178869,7.805238275850613,14206.059099999999,-0.0731875,0.42156099833175426,-3.1799999999999997,0.27000000000000135,3.450000000000001,29.113500000000002,0.011,0.0607210344539455,-0.08000000000000007,0.4900000000000002,0.5700000000000003,0.6056,-0.02125,0.14930341400638583,-1.3800000000000001,0.15000000000000036,1.5300000000000005,3.6165999999999996,-0.04069437986162759,0.3093403678807546,-2.787377852770459,1.0719186196354502,3.859296472405909,15.479907857267087,0,0,0
8.504124999999998,8.408018439104845,-3.86,23.18,27.04,22811.6918,-3.253125,1.439885646883331,-7.0,-1.91,5.09,2022.9016,4.015062500000001,2.1721160296778907,-0.19,7.61,7.800000000000001,3329.4923000000003,11.089620145698756,7.306126361773462,2.7214334458149074,24.979073241415502,22.257639795600596,28164.085699999996,0.07243750000000002,1.029114381963212,-3.1799999999999997,5.73,8.91,169.23270000000002,-0.02175,0.2094333474975396,-1.5699999999999998,0.4900000000000002,2.06,7.049799999999999,0.013687500000000002,0.35121822468687686,-1.3800000000000001,2.29,3.67,19.643300000000004,0.0754147343866292,0.9023438671118975,-2.787377852770459,5.723081296816672,8.510459149587131,130.37166941381497,0,0,0
11.594249999999999,7.657427401060729,-3.86,23.18,27.04,30831.4162,-4.184375,1.6212801400291168,-7.0,-1.91,5.09,3219.3783999999996,4.4716875,2.020645087192759,-0.19,7.61,7.800000000000001,3848.5563,13.85006052388105,6.732761662748651,2.7214334458149074,24.979073241415502,22.257639795600596,37899.35089999999,0.07725000000000003,1.029598413500019,-3.7500000000000018,5.73,9.480000000000002,169.5064,-0.012187499999999999,0.26638429674712233,-1.5699999999999998,1.6399999999999997,3.2099999999999995,11.3065,0.019125000000000003,0.3382444270831814,-1.3399999999999999,2.29,3.63,18.249600000000004,0.043645400476148885,0.9624279242252876,-4.110132233082972,5.723081296816672,9.833213529899645,147.5813213404823,0,0,0
10.6719375,2.707544199741429,8.23,20.2,11.969999999999999,19388.036500000002,-4.5025625,0.8661272488286705,-7.0,-3.21,3.79,3362.9691000000003,4.5905000000000005,0.4670094877357627,4.02,6.7,2.6800000000000006,3406.308,12.491212878175903,2.7385550672195254,10.064660948089609,22.40379432149831,12.339133373408702,26157.313599999998,-0.06912499999999999,0.43079623150830876,-3.7500000000000018,0.5400000000000009,4.290000000000003,30.272600000000004,0.0236875,0.21020092776066984,-1.3000000000000003,1.6399999999999997,2.94,7.115100000000002,-0.016750000000000004,0.13401656707874707,-0.9199999999999999,0.7300000000000004,1.6500000000000004,2.900600000000002,-0.0744719398861706,0.4589053556706009,-4.110132233082972,0.9431407623133605,5.053272995396332,34.37183712150815,0,0,0
8.9356875,0.9750262837128131,7.77,10.41,2.6400000000000006,12926.5993,-3.3918125000000003,0.9521388513738933,-5.24,-2.3,2.9400000000000004,1984.8471000000004,4.2675625,0.36257247703132267,3.83,4.94,1.1100000000000003,2934.8363,10.488857304703501,1.2380302133328676,9.131056893919784,12.361071959987935,3.2300150660681517,17846.282700000003,-0.008125000000000004,0.09662341799822863,-0.6500000000000004,0.5400000000000009,1.1900000000000013,1.4950000000000012,0.0071874999999999994,0.1271861502833522,-1.3000000000000003,0.4200000000000008,1.720000000000001,2.580300000000001,0.000687500000000002,0.07410787543343754,-0.23000000000000043,0.7300000000000004,0.9600000000000009,0.8733000000000013,-0.008946385579148975,0.12400825994881018,-0.665651909547206,0.9431407623133605,1.6087926718605665,2.4579157675384624,0,0,0
8.0713125,0.177282498063111,7.77,8.49,0.7200000000000006,10428.3709,-2.817,0.3142362208844221,-3.29,-2.3,0.9900000000000002,1285.3786,4.1555,0.18327489062768876,3.83,4.44,0.6100000000000003,2768.2496,9.510840718838914,0.23823923471309844,9.131056893919784,9.833590392120266,0.7025334982004825,14481.9991,-0.005687500000000001,0.06437529385656833,-0.6500000000000004,0.15000000000000036,0.8000000000000007,0.6641000000000006,-0.0002500000000000002,0.04972819202184022,-0.22999999999999998,0.2999999999999998,0.5299999999999998,0.3932,0.0016875000000000028,0.0362940796842376,-0.1200000000000001,0.3000000000000007,0.4200000000000008,0.20990000000000056,-0.004091834672442185,0.07224888910645587,-0.665651909547206,0.3051482466729034,0.9708001562201094,0.8326433121194456,0,0,0
8.375937500000001,0.3961073116700705,7.96,9.37,1.4099999999999993,11249.9599,-3.0300625000000005,0.14102275508878062,-3.29,-2.79,0.5,1472.1667000000002,4.387312499999999,0.1648926537604115,4.17,4.86,0.6900000000000004,3084.0849,9.931822568198331,0.38555339474913236,9.49674681140863,10.84526624846066,1.3485194370520297,15806.211500000001,0.007437499999999997,0.06848997424679792,-0.41999999999999993,0.4299999999999997,0.8499999999999996,0.7546999999999995,-0.0011874999999999998,0.03745642121941224,-0.22999999999999998,0.18999999999999995,0.41999999999999993,0.22329999999999986,0.0033750000000000004,0.036426673135537276,-0.1900000000000004,0.16000000000000014,0.35000000000000053,0.21280000000000057,0.008147404469190812,0.06467154631537216,-0.34309980529285156,0.41256122698711195,0.7556610322799635,0.6756238474821241,0,0,0
8.5881875,0.3944343483885235,8.11,9.37,1.2599999999999998,11825.8513,-3.0344375,0.09492629961444071,-3.21,-2.75,0.45999999999999996,1474.6825,4.630875,0.20478670449915132,4.25,4.9,0.6500000000000004,3437.8686,10.221414111434052,0.37225616739739203,9.70516357409807,10.84526624846066,1.1401026743625913,16738.4024,-0.0005000000000000004,0.07329444366183649,-0.41999999999999993,0.4299999999999997,0.8499999999999996,0.8541999999999991,0.003125,0.04174175623804626,-0.18999999999999995,0.20000000000000018,0.3900000000000001,0.27859999999999996,0.003562500000000002,0.03486446128046949,-0.1900000000000004,0.16000000000000014,0.35000000000000053,0.19530000000000053,0.00028696027508963163,0.06656318207443061,-0.34309980529285156,0.41256122698711195,0.7556610322799635,0.7044876714438482,0,0,0
8.341125,0.34027918153135384,7.58,9.11,1.5299999999999994,11150.3092,-2.952125,0.1932879609521934,-3.21,-2.53,0.6800000000000002,1400.347,4.76475,0.1015288786875301,4.44,4.9,0.45999999999999996,3634.0938000000006,10.05182326629281,0.34097385239136535,9.161331780914825,10.746725082554219,1.5853933016393942,16184.750000000002,-0.009562499999999996,0.05473029210787966,-0.3799999999999999,0.19000000000000128,0.5700000000000012,0.4908999999999992,0.0023749999999999995,0.04806295007395328,-0.18999999999999995,0.3500000000000001,0.54,0.36820000000000036,-0.0026249999999999997,0.0360029261564099,-0.20000000000000018,0.1900000000000004,0.39000000000000057,0.20720000000000066,-0.009908708135246214,0.05260987297678106,-0.33894716235836775,0.19358777292800156,0.5325349352863693,0.45578919831217246,0,0,0
7.527125000000001,0.8344458391594786,4.82,8.3,3.4800000000000004,9175.929399999999,-2.7418750000000003,0.30961974548218457,-3.29,-1.34,1.95,1218.103,4.465249999999999,0.35424816302457984,3.21,4.9,1.6900000000000004,3210.1064,9.17558708046782,0.9163609894005443,5.944081089621844,10.034146700143467,4.090065610521623,13604.1388,-0.0208125,0.10711172016863638,-0.7699999999999996,0.19000000000000128,0.9600000000000009,1.8934999999999995,0.0088125,0.09709861339519961,-0.45999999999999996,0.76,1.22,1.5115000000000003,-0.010312500000000002,0.06745529034085138,-0.6499999999999999,0.1900000000000004,0.8400000000000003,0.7405000000000003,-0.02459639341570477,0.13107901568360558,-1.1663127110055163,0.23893724641934,1.4052499574248563,2.828688839110303,0,0,0
3.5702500000000006,4.457141672281964,-7.54,7.61,15.15,5198.1814,-0.7045625000000001,2.7471988814394916,-3.29,7.23,10.52,1279.4144999999999,2.1878749999999996,2.8478301101852934,-4.55,4.51,9.059999999999999,2055.3992,6.865045144184722,2.4982760432410616,0.6685057965343307,10.655256918535564,9.986751122001232,8532.9951,-0.04525,1.0254822151480272,-11.52,4.74,16.259999999999998,167.53420000000003,0.019812500000000004,0.8113684936865433,-6.540000000000001,6.540000000000001,13.080000000000002,104.73550000000003,-0.027250000000000003,0.5759607232415952,-6.04,2.0599999999999996,8.1,52.864,-0.053080162402378096,0.5967467102679085,-3.377493534196867,5.0125536656611045,8.390047199857971,57.07175574078184,0,0,0
0.602,3.1216254836827164,-7.54,4.82,12.36,1607.3674,0.23381250000000006,2.72641859027599,-4.9,7.23,12.13,1190.6509,0.9086874999999999,2.9738258867785494,-4.55,8.03,12.579999999999998,1538.2528999999997,4.457021438126351,2.698549323787285,0.6685057965343307,10.655256918535564,9.986751122001232,4336.271200000001,-0.0115,1.1055441757470874,-11.52,4.74,16.259999999999998,194.3554,0.006250000000000004,1.0228992892630444,-6.540000000000001,6.540000000000001,13.080000000000002,166.37160000000003,0.0033750000000000004,0.7925858384558446,-6.04,3.9699999999999998,10.01,99.88439999999999,-0.007138464956074009,0.8644694288568321,-4.284079026438664,5.596433479849454,9.880512506288117,118.83002878416971,0,0,0
7.315687499999998,12.660640719321515,-2.1,39.14,41.24,34049.4853,-4.7434375000000015,12.693940219567612,-39.18,16.11,55.29,29220.6747,-0.42418750000000005,4.589165045373639,-12.01,8.03,20.04,3377.3989,12.501528523123465,16.183197364594374,0.6685057965343307,55.63554978608552,54.967043989551186,66647.5589,-0.011687500000000012,3.13163011821751,-20.240000000000002,30.11,50.35,1559.3519000000001,0.013187499999999977,4.0253946049584926,-20.89,35.51,56.4,2576.4323,0.0035625000000000127,1.8487079788429912,-11.28,13.05,24.33,543.4197,0.015532440297235462,3.6103376049348874,-15.169781781019552,31.309886383004404,46.479668164023956,2072.530082907765,1,1,0
11.828624999999999,13.844713292365382,-1.65,39.14,40.79,52863.1168,-3.0203125000000015,13.489048221216647,-39.18,16.11,55.29,30390.3191,-0.9093749999999998,3.943692151147046,-12.01,7.73,19.740000000000002,2605.1946000000003,16.354958507731865,16.456744073318724,2.125417606024755,55.63554978608552,53.510132180060765,85858.63050000001,0.03731249999999997,4.531385271674205,-33.86,30.11,63.97,3265.0416999999998,0.016499999999999966,4.12101535391094,-20.89,35.51,56.4,2700.3035999999997,-0.013124999999999987,1.7944793703723152,-11.28,13.05,24.33,512.0324,0.028656452139732863,4.7803249010454145,-32.86473307127493,31.309886383004404,64.17461945427934,3633.5208701290985,1,1,1
10.405249999999999,8.393931392013917,-1.53,39.14,40.67,28525.9118,1.0030000000000001,3.2409936747855594,-4.78,10.67,15.45,1831.1037999999999,0.5141875,0.8605881211753826,-0.61,2.49,3.1,160.0595,11.167958539511755,8.150065566568617,2.742371236721972,39.306138197487684,36.56376696076571,30517.07510000001,0.07674999999999998,3.316959763921136,-33.86,18.29,52.15,1750.2957999999999,-0.018875000000000006,1.13316387236587,-7.07,7.08,14.15,204.22260000000003,-0.0021249999999999976,0.35914186244225405,-2.7600000000000002,1.4900000000000002,4.25,20.509,0.04753841101364376,3.212217756389501,-32.86473307127493,16.592948498648717,49.45768156992364,1640.9781074832467,0,0,0
10.7589375,0.7272292527162857,8.95,13.24,4.290000000000001,18604.8469,-0.6174375,0.9590326932701556,-2.53,2.3,4.83,207.23590000000002,0.3319375,0.4449019351702568,-0.57,1.65,2.2199999999999998,49.1013,10.83292077518657,0.7304538804592221,9.386959039007253,13.46251833796337,4.075559298956117,18861.1841,0.01100000000000001,0.32295062613074316,-2.49,2.49,4.98,16.602600000000006,-0.01775,0.3383756053773169,-2.48,1.69,4.17,18.255599999999998,-0.008374999999999999,0.16615854934974722,-1.79,0.5700000000000001,2.3600000000000003,4.401,0.008382034993678001,0.3186069727146154,-2.4164194790901625,2.6429527274594076,5.05937220654957,16.15139544861864,0,0,0
10.7005625,0.09708484828898684,10.33,10.83,0.5,18321.8247,-0.5859375,0.17138832612909602,-0.96,-0.15,0.8099999999999999,59.6021,0.27925,0.058616652494709404,0.19,0.46,0.27,13.0232,10.721705346828628,0.10203935995512366,10.341324866766346,10.87412525217546,0.5328003854091143,18394.45,0.0,0.05295067124131339,-0.41999999999999993,0.4599999999999991,0.879999999999999,0.44579999999999875,-0.0016874999999999998,0.07509509170872727,-0.62,0.41999999999999993,1.04,0.8971,0.0,0.02823976410541632,-0.23,0.15000000000000002,0.38,0.12680000000000002,7.445453393488677e-05,0.05487195373021611,-0.4185171395086531,0.47855960581467905,0.8970767453233321,0.4787389646376055,0,0,0
10.701562500000003,0.026999810737748153,10.64,10.75,0.10999999999999943,18323.8663,-0.6084375000000001,0.044205735064339925,-0.73,-0.54,0.18999999999999995,59.542100000000005,0.265,0.03132302787841075,0.23,0.31,0.07999999999999999,11.392,10.722254753078575,0.027572843880891006,10.662316821404248,10.771754731704581,0.10943791030033267,18394.800400000004,0.0,0.013505181861304878,-0.040000000000000924,0.10999999999999943,0.15000000000000036,0.029000000000000005,-0.0004374999999999997,0.02131957717848044,-0.10999999999999999,0.18999999999999995,0.29999999999999993,0.07229999999999998,-0.0002499999999999999,0.013825052458189704,-0.07999999999999999,0.07999999999999999,0.15999999999999998,0.030399999999999993,1.6688926720787033e-05,0.013742240922191567,-0.053193733334078175,0.10836096599613398,0.16155469933021216,0.030027065067849454,0,0,0
10.698062500000002,0.029299942580492105,10.64,10.75,0.10999999999999943,18311.9031,-0.6185,0.02815500670423868,-0.65,-0.57,0.08000000000000007,61.332800000000006,0.269,0.031387214478261746,0.23,0.31,0.07999999999999999,11.7344,10.719384232729185,0.029521059396733447,10.662316821404248,10.773017218959598,0.11070039755535,18384.9703,0.0,0.014230801919443654,-0.040000000000000924,0.10999999999999943,0.15000000000000036,0.03220000000000016,-0.0002500000000000002,0.015211300003574395,-0.08000000000000007,0.08000000000000007,0.16000000000000014,0.03680000000000007,-0.0002499999999999999,0.015211300003574383,-0.07999999999999999,0.07999999999999999,0.15999999999999998,0.036799999999999986,7.890545343858246e-06,0.0143031796153188,-0.045558919112785645,0.10836096599613398,0.15391988510891963,0.03252838055189617,0,0,0
10.698312500000002,0.04055002152013003,10.64,10.79,0.14999999999999858,18312.8839,-0.6185,0.031206353167062374,-0.65,-0.57,0.08000000000000007,61.3616,0.2824375,0.036733732976173,0.23,0.34,0.11000000000000001,12.977899999999998,10.720004043311093,0.0408656198645179,10.661979178370215,10.811674245925095,0.14969506755488027,18387.2234,-0.0004375000000000018,0.01894536583949889,-0.11999999999999922,0.08000000000000007,0.1999999999999993,0.057099999999999665,0.0,0.016785738181245076,-0.08000000000000007,0.08000000000000007,0.16000000000000014,0.04480000000000008,0.0002499999999999999,0.01797797394507544,-0.07999999999999999,0.07999999999999999,0.15999999999999998,0.05139999999999999,-0.000429848049380277,0.019041979685572835,-0.1210521873169057,0.08312011936130581,0.2041723066782115,0.05768248456026627,0,0,0
10.700812500000001,0.03788383228275175,10.64,10.79,0.14999999999999858,18321.4103,-0.62475,0.029967487623513114,-0.69,-0.57,0.12,62.592800000000004,0.292625,0.031552840775535405,0.23,0.34,0.11000000000000001,13.858999999999998,10.723116142070271,0.03777894887542415,10.661979178370215,10.811674245925095,0.14969506755488027,18397.862100000002,-0.0002499999999999947,0.01896537725939545,-0.11999999999999922,0.08000000000000007,0.1999999999999993,0.057199999999999765,0.0002500000000000002,0.015859048961468766,-0.08000000000000007,0.08000000000000007,0.16000000000000014,0.040000000000000036,0.0,0.01479418549729257,-0.07999999999999999,0.07999999999999999,0.15999999999999998,0.0348,-0.00026413970430336773,0.01887074703180975,-0.1210521873169057,0.08185132101156078,0.2029035083284665,0.056631873037972943,0,0,0
10.693562500000002,0.023853506657810865,10.64,10.75,0.10999999999999943,18296.4551,-0.6300000000000001,0.027288350775565642,-0.69,-0.57,0.12,63.622400000000006,0.28775000000000006,0.03971518094487643,0.19,0.34,0.15000000000000002,13.4988,10.716076224614728,0.023785694066026698,10.6608911447402,10.773017218959598,0.11212607421939857,18373.5763,0.0006874999999999965,0.014926312716835323,-0.07000000000000028,0.08000000000000007,0.15000000000000036,0.035500000000000795,-0.0002500000000000002,0.014534712299705824,-0.08000000000000007,0.07999999999999996,0.16000000000000003,0.033600000000000026,-0.0002499999999999999,0.015938166683552545,-0.08000000000000002,0.11000000000000001,0.19000000000000003,0.04040000000000001,0.0006939877536836448,0.01490827208315025,-0.06986372153085973,0.08390593691187043,0.15376965844273016,0.035415854704694785,0,0,0
10.698562500000001,0.028458219955205838,10.64,10.75,0.10999999999999943,18313.6071,-0.6265000000000001,0.027061541789505594,-0.65,-0.57,0.08000000000000007,62.9168,0.2673125,0.04086673964001818,0.19,0.34,0.15000000000000002,11.698500000000001,10.720335180970276,0.02843697922028827,10.6608911447402,10.773017218959598,0.11212607421939857,18388.222400000002,-0.00025000000000000575,0.01525259025326402,-0.08000000000000007,0.08000000000000007,0.16000000000000014,0.03700000000000048,-0.0002500000000000002,0.013825052458189728,-0.08000000000000007,0.08000000000000007,0.16000000000000014,0.030400000000000055,0.0002499999999999999,0.015739626712746542,-0.08000000000000002,0.11000000000000001,0.19000000000000003,0.03940000000000001,-0.00022800435845276023,0.015314000563553655,-0.07640361848176447,0.08390593691187043,0.1603095553936349,0.03729677726641874,0,0,0
10.684500000000002,0.03759767154572728,10.6,10.75,0.15000000000000036,18265.591200000003,-0.6285000000000001,0.023690881402666765,-0.65,-0.57,0.08000000000000007,63.2912,0.26737500000000003,0.03633331890831175,0.23,0.34,0.11000000000000001,11.648200000000003,10.706397722546328,0.03704909752580511,10.622400858563001,10.773017218959598,0.15061636039659732,18340.5306,-0.0006874999999999965,0.014799365743676221,-0.11000000000000121,0.040000000000000924,0.15000000000000213,0.03490000000000043,0.0,0.012688825371490318,-0.08000000000000007,0.08000000000000007,0.16000000000000014,0.025600000000000046,0.00043750000000000006,0.012506444879421666,-0.07999999999999999,0.07999999999999999,0.15999999999999998,0.024899999999999995,-0.0006735033832312553,0.014629105420259482,-0.10742206635053364,0.04354646753222724,0.15096853388276088,0.03410028242728913,0,0,0
10.6744375,0.030627542892759374,10.6,10.71,0.11000000000000121,18231.127699999997,-0.6322500000000002,0.027194847828728018,-0.69,-0.61,0.07999999999999996,64.076,0.290625,0.037073571254123736,0.23,0.34,0.11000000000000001,13.732600000000001,10.697193272701526,0.030227006446257525,10.622400858563001,10.736680120037107,0.11427926147410616,18308.936299999998,0.0,0.0141421356237311,-0.11000000000000121,0.07000000000000028,0.1800000000000015,0.03180000000000066,0.0,0.014878966624021377,-0.07999999999999996,0.07999999999999996,0.15999999999999992,0.03519999999999999,-0.0002499999999999999,0.01496116566272229,-0.07999999999999999,0.07999999999999999,0.15999999999999998,0.03559999999999999,-6.779672558565597e-06,0.01379001769867873,-0.10742206635053364,0.06549818862846202,0.17292025497899566,0.030236176866883506,0,0,0
